Date;Close;Open;High;Low;Volume;Change
6.05.2025;9134.68;9109.68;9228.43;9105.43;3.1;0.0025
5.05.2025;9112.19;9217.78;9240.67;9087.81;3.68;-0.006
2.05.2025;9167.58;9120.98;9194.82;9103.71;2.83;0.0098
30.04.2025;9078.43;9225.29;9250.06;9058.16;3.73;-0.0159
29.04.2025;9224.84;9272.47;9312.18;9216.78;3.05;-0.0088
28.04.2025;9306.96;9457.25;9464.53;9306.96;3.34;-0.0133
25.04.2025;9432.55;9510.14;9531.35;9427.88;3.52;-0.0061
24.04.2025;9490.9;9353.61;9493.83;9301.42;3.67;0.0192
22.04.2025;9312.13;9378.74;9409.06;9286.36;3.66;-0.001
21.04.2025;9321.64;9343.14;9477.78;9268.07;4.67;0.0005
18.04.2025;9317.24;9426.26;9433.8;9288.98;3.19;-0.0084
17.04.2025;9396.02;9276.21;9438.32;9256.93;4.98;0.014
16.04.2025;9266.09;9369.37;9398.67;9245.26;3.68;-0.0136
15.04.2025;9393.79;9443.74;9492.29;9383.77;4.1;-0.0032
14.04.2025;9423.62;9456.17;9491.28;9407.56;3.86;0.0045
11.04.2025;9380.95;9352.49;9406.53;9260.01;3.63;0.0045
10.04.2025;9338.58;9579.11;9581.24;9338.58;3.37;0.0068
9.04.2025;9275.5;9398.73;9472.96;9275.5;3.55;-0.0213
8.04.2025;9477.14;9553.24;9562.24;9412.1;2.99;0.0074
7.04.2025;9407.17;9117.38;9506.73;9050.56;4.34;0.0029
4.04.2025;9379.83;9496.81;9524.76;9339.67;3.14;-0.011
3.04.2025;9484.26;9530.67;9627.7;9484.26;3.07;-0.0041
2.04.2025;9523.31;9606.37;9643.17;9517.72;3.21;-0.0141
28.03.2025;9659.48;9567.76;9669.22;9415.95;4.1;0.0049
27.03.2025;9612.84;9774.58;9830.83;9593.66;4.65;-0.0038
26.03.2025;9649.53;9617.01;9749.43;9566.8;4.42;-0.0068
25.03.2025;9715.58;9462.68;9811.55;9404.2;5.49;0.0448
24.03.2025;9299.36;9167;9386.54;8872.75;6.08;0.0282
21.03.2025;9044.64;9758.53;9758.53;8984.54;5;-0.0781
20.03.2025;9810.94;9839.83;10156.71;9660.61;6.76;-0.005
19.03.2025;9860.29;10060.48;10378.14;9806.52;4.8;-0.0872
18.03.2025;10802.23;10832.76;10872.24;10752.04;4.18;-0.0055
17.03.2025;10862.14;10869;10902.61;10809.13;4.65;0.002
14.03.2025;10840.59;10772.35;10862.97;10726.27;3.77;0.0105
13.03.2025;10727.58;10625.38;10744.01;10625.38;4.02;0.0139
12.03.2025;10580.26;10492.43;10620.88;10470.61;4.55;0.0136
11.03.2025;10438.33;10421.64;10522.14;10357.09;4.48;0.0015
10.03.2025;10422.24;10481.45;10543.98;10380.21;3.49;-0.0081
7.03.2025;10507.11;10453.65;10556.78;10407.44;4.32;0.0046
6.03.2025;10459.08;10269.9;10459.08;10186.44;5.19;0.0265
5.03.2025;10188.85;9984.67;10203.17;9984.67;4.07;0.0294
4.03.2025;9898.01;9901.91;9958.82;9859.58;3.1;-0.0013
3.03.2025;9911.07;9748.03;10029.83;9748.03;4.46;0.0261
28.02.2025;9658.72;9696.68;9749.65;9623.94;3.14;-0.0085
27.02.2025;9741.07;9565.61;9782.23;9563.29;3.43;0.0175
26.02.2025;9573.21;9467.96;9629.29;9422.17;2.9;0.0129
25.02.2025;9451.58;9583.73;9605.45;9437.74;2.8;-0.0129
24.02.2025;9574.83;9694.37;9705.96;9546.72;2.67;-0.0028
21.02.2025;9602.16;9815.92;9829.89;9474.03;4.1;-0.0209
20.02.2025;9807.5;9764.55;9853;9754.32;4.39;0.0045
19.02.2025;9763.67;9923.44;9953.91;9759.01;4.27;-0.0155
18.02.2025;9916.89;9829.94;9944.21;9811.48;4.04;0.0082
17.02.2025;9836.49;9890.23;9899.27;9836.49;2.66;-0.0042
14.02.2025;9877.59;9930;9954.21;9855.1;3.21;-0.0037
13.02.2025;9914.68;9855.84;9930.73;9845.63;3.45;0.0138
12.02.2025;9779.57;9895.71;9904.24;9756.73;3.6;-0.0104
11.02.2025;9882.79;9840;9888.43;9788.47;3.22;0.0038
10.02.2025;9845.85;9962.07;9983.21;9830.73;3.05;-0.0106
7.02.2025;9951.65;9839.51;9962.68;9801.02;3.63;0.0111
6.02.2025;9842.15;9782.85;9866.5;9780.61;3.17;0.0126
5.02.2025;9719.81;9821.6;9841.7;9619.83;4.39;-0.0089
4.02.2025;9807.1;9818.19;9905.21;9782.84;3.47;0.0033
3.02.2025;9774.4;9918.35;9918.35;9749.91;4.22;-0.023
31.01.2025;10004.38;10104.41;10119.01;9986.36;3.18;-0.0077
30.01.2025;10082.1;10095.36;10155;10071.86;3.22;0.0005
29.01.2025;10076.99;10140.22;10180.41;10076.99;3.37;-0.0044
28.01.2025;10121.77;10031.57;10139.72;9977.05;3.53;0.0124
27.01.2025;9997.85;10032.46;10069.76;9962.56;3.43;-0.0106
24.01.2025;10104.85;10125.49;10133.46;10064.07;3.11;-0.0008
23.01.2025;10112.76;10141.58;10151.55;10069.59;4.01;0.0007
22.01.2025;10105.37;10014.24;10121.76;9984.12;3.56;0.0106
21.01.2025;9999.55;10008.82;10076.45;9966.27;4.17;-0.003
20.01.2025;10029.31;10035.76;10048.93;9923.63;3.76;0.0051
17.01.2025;9977.94;9882.6;9989.36;9851.36;3.54;0.0113
16.01.2025;9866.73;9846.11;9878.75;9734.92;4.46;0.013
15.01.2025;9739.72;9731.19;9784.39;9659.51;4.16;0.0025
14.01.2025;9715.86;9780.64;9851.61;9679.82;4.04;-0.0018
13.01.2025;9733.17;9901.84;9916.76;9707.36;4.22;-0.0179
10.01.2025;9910.61;10013.36;10038.77;9865.74;4.07;-0.009
9.01.2025;10000.72;9932.63;10016.94;9899.27;3.93;0.0111
8.01.2025;9890.76;9962.85;10011.36;9881.77;3.93;-0.0081
7.01.2025;9972.03;10079.29;10095.06;9972.03;5.13;-0.0113
6.01.2025;10085.5;10108.92;10159.14;10063.24;6.78;0.001
3.01.2025;10075.17;9990.42;10097.08;9990.42;6.03;0.0114
2.01.2025;9961.34;9858.1;9961.34;9826.97;3.62;0.0133
31.12.2024;9830.56;9857.39;9942.55;9780.73;2.93;-0.006
30.12.2024;9889.71;10040.66;10061.32;9889.71;2.3;-0.0135
27.12.2024;10025.47;9962.71;10055.06;9953.98;3.1;0.0077
26.12.2024;9949.01;9962.46;10050.56;9890.88;3.57;0.0033
25.12.2024;9916.22;9846.39;9934.9;9832.73;2.36;0.0252
24.12.2024;9672.75;9635.86;9690.44;9562.36;2.39;0.0048
23.12.2024;9626.56;9756.61;9778.64;9605.43;2.75;-0.0101
20.12.2024;9724.5;9790.96;9814.92;9699.85;3.05;-0.0042
19.12.2024;9765.12;9851.29;9897.51;9754.43;2.84;-0.0152
18.12.2024;9915.76;10007.26;10052.85;9912.58;3.62;-0.0095
17.12.2024;10011.27;10012.62;10055.86;9912.43;3.31;0.0014
16.12.2024;9997.66;10146.61;10157.77;9997.66;2.92;-0.0126
13.12.2024;10125.46;10028.15;10125.46;9962.62;3.54;0.0066
12.12.2024;10058.63;10109.23;10155.34;10026.06;3.51;0
11.12.2024;10058.47;10132.38;10171.5;10008.89;3.67;-0.004
10.12.2024;10099.03;10257.19;10276.73;10078.81;3.63;-0.0154
9.12.2024;10257.39;10174.96;10262.28;10149.91;4.64;0.0175
6.12.2024;10081;10063.7;10098.1;10010.57;3.85;0.0146
5.12.2024;9935.96;9912.17;9965.51;9849.47;3.43;0.005
4.12.2024;9886.05;9858.69;9940.31;9853.09;4.49;0.006
3.12.2024;9827.23;9713.21;9885.8;9661.11;4.41;0.0151
2.12.2024;9681.11;9602.31;9703.24;9573.86;2.98;0.003
29.11.2024;9652;9650.73;9734.16;9575.85;4;0.0012
28.11.2024;9640.08;9640.57;9672.36;9586.9;3.33;0
27.11.2024;9639.77;9730.98;9744.57;9618.88;3.85;0.0004
26.11.2024;9636.12;9654.12;9691.57;9576.59;3.47;-0.0025
25.11.2024;9659.96;9618.42;9720.33;9591.47;4.35;0.0115
22.11.2024;9549.89;9377.49;9550.63;9337.23;4.76;0.0194
21.11.2024;9367.77;9079.84;9380.57;9069.91;3.73;0.0372
20.11.2024;9031.82;9272.75;9307.69;9023.38;2.93;-0.0218
19.11.2024;9232.9;9430.99;9443.1;9170.74;3.43;-0.0173
18.11.2024;9395.39;9419.42;9445.3;9315.27;2.75;0.0006
15.11.2024;9389.62;9447.7;9501.13;9375.93;2.85;-0.0033
14.11.2024;9420.42;9354.28;9437.67;9335.38;2.77;0.0129
13.11.2024;9300.3;9196.02;9415.77;9128.63;3.61;0.008
12.11.2024;9226.86;9253.94;9288.83;9190.16;3.01;-0.0054
11.11.2024;9276.78;9215.15;9330.13;9197.23;3.58;0.01
8.11.2024;9184.82;8939.4;9195.83;8927.94;3.23;0.0267
7.11.2024;8946.13;8873.32;8946.13;8801.3;2.66;0.0095
6.11.2024;8862.32;8647.94;8915.87;8586.9;3.17;0.0283
5.11.2024;8618.57;8714.65;8729.63;8566.62;2.24;-0.0052
4.11.2024;8663.88;8862.49;8862.49;8610.89;2.36;-0.0249
1.11.2024;8885;8888.51;8982.03;8849.18;2.61;0.0024
31.10.2024;8863.88;9004.6;9051.6;8846.07;2.15;-0.0158
30.10.2024;9006.55;8961.03;9050.76;8917.62;2.11;0.0068
28.10.2024;8945.8;8936.03;8954.21;8915.61;797.26M;0.0042
25.10.2024;8908.47;8843.64;8921.64;8782.55;2;0.004
24.10.2024;8872.85;8779.05;8920.17;8779.05;2.02;0.0181
23.10.2024;8714.69;8853.83;8867.1;8664.02;2.95;-0.014
22.10.2024;8838.6;8677.75;8913.54;8676.76;2.88;0.0213
21.10.2024;8654.39;8798.31;8807.85;8642.18;2.13;-0.0158
18.10.2024;8793.61;9018.59;9070.02;8783.51;2.7;-0.0232
17.10.2024;9002.34;8948.59;9060.13;8927.06;2.7;0.0052
16.10.2024;8956.03;8849.06;8963.81;8779.27;2.36;0.0108
15.10.2024;8860.3;8709.81;8890.29;8685.23;2.8;0.0185
14.10.2024;8699.19;8885.45;8887.19;8680.72;2.45;-0.0199
11.10.2024;8876.22;8987.04;9080.68;8836.95;2.51;-0.0098
10.10.2024;8964.1;9137.3;9176.41;8964.1;2.47;-0.0184
9.10.2024;9132.3;9043.91;9132.3;8901.22;2.6;0.0097
8.10.2024;9044.89;9040.75;9152.68;8978.13;3.16;0.0015
7.10.2024;9031.64;9155.77;9195.49;9005.39;2.36;-0.0085
4.10.2024;9109.34;8953.2;9109.34;8850.42;2.82;0.0237
3.10.2024;8898.23;9026.49;9159.33;8869.84;3.05;-0.0127
2.10.2024;9012.87;9320.46;9339.22;9012.87;2.88;-0.0362
1.10.2024;9351.22;9673.56;9680.84;9238.71;3.5;-0.0325
30.09.2024;9665.78;9747.67;9757.93;9643.34;2.5;-0.0114
27.09.2024;9777.46;9814.69;9820.48;9696.01;2.21;-0.0053
26.09.2024;9829.19;9953.28;10049.52;9806.69;2.99;-0.0062
25.09.2024;9891;10033.67;10064.06;9886.49;3.36;-0.0138
24.09.2024;10029.73;9911.41;10108.15;9878.57;3.61;0.0144
23.09.2024;9887.75;9959.21;9980.91;9857.72;2.67;-0.0013
20.09.2024;9900.25;9985.03;10008.72;9887.41;3.13;-0.0076
19.09.2024;9975.61;9872.85;9980.81;9851.95;2.81;0.0206
18.09.2024;9774.49;9753.17;9827.33;9736.13;2.27;0.0017
17.09.2024;9758.14;9611.59;9786.13;9611.59;2.47;0.0189
16.09.2024;9577.46;9686.89;9720.23;9567.1;2.31;-0.0112
13.09.2024;9685.49;9537.2;9685.49;9427.25;3;0.0173
12.09.2024;9521.04;9532.38;9559.96;9274.55;3.05;0.0108
11.09.2024;9419.66;9610.01;9643.46;9413.41;2.62;-0.0212
10.09.2024;9624.04;9737.17;9788.36;9588.02;2.49;-0.0078
9.09.2024;9699.56;9795.24;9838.01;9699.56;2.23;-0.0073
6.09.2024;9771.16;9936.2;9980.96;9768.6;2.35;-0.0167
5.09.2024;9936.76;10030.51;10040.28;9897.19;2.68;-0.0048
4.09.2024;9984.93;9929.83;9988.43;9879.11;2.54;-0.0037
3.09.2024;10021.8;10130.47;10159.21;9983.8;2.71;-0.0087
2.09.2024;10110.18;9879.82;10116.31;9879.82;2.6;0.0282
29.08.2024;9833.22;9762.37;9888.4;9705.48;2.98;0.0078
28.08.2024;9757.16;9757.77;9836.58;9735.38;2.25;0.0009
27.08.2024;9748.75;9561.73;9748.75;9523.25;2.55;0.0191
26.08.2024;9565.76;9739.8;9749.15;9553.17;2.6;-0.0106
23.08.2024;9668.1;9927.42;9935.21;9651.21;2.27;-0.0255
22.08.2024;9921.4;9979.48;10031.07;9869.61;2.68;0.0017
21.08.2024;9904.79;9966.57;10080.73;9897.58;2.57;-0.0078
20.08.2024;9982.28;10038.19;10109.96;9950.89;2.77;-0.0072
19.08.2024;10054.2;9866.98;10061.07;9796.63;2.69;0.0236
16.08.2024;9821.96;10041.43;10055.12;9821.96;2.29;-0.0161
15.08.2024;9982.98;9874.42;9982.98;9763.26;2.6;0.0155
14.08.2024;9830.94;9976.68;9989.92;9825;2.25;-0.009
13.08.2024;9920.61;9842.18;9920.61;9708.34;2.48;0.0094
12.08.2024;9828.56;9980.15;10078.12;9807.35;2.62;-0.008
9.08.2024;9907.38;10160.02;10189.15;9907.38;2.4;-0.0189
8.08.2024;10098.5;10016.8;10148.05;10006.12;2.3;0.0074
7.08.2024;10024.31;9960.5;10076.4;9902.19;2.46;0.0145
6.08.2024;9881.23;10161.67;10193.88;9881.23;2.52;-0.0012
5.08.2024;9893.41;9769.69;10117.77;9733.35;2.8;-0.0554
2.08.2024;10473.47;10661.45;10686.14;10415.62;2.18;-0.0301
1.08.2024;10798.09;10751.99;10880.04;10751.99;2.38;0.015
31.07.2024;10638.58;10658.11;10703.57;10565.06;2.47;-0.005
30.07.2024;10691.68;10756.17;10832.65;10666.05;2.39;-0.0039
29.07.2024;10733.75;10827.98;10873.33;10728.76;2.33;-0.0145
26.07.2024;10891.42;10911.92;10948.13;10850.5;2.41;0.0018
25.07.2024;10871.48;10989.16;11017.21;10838.43;2.85;-0.0109
24.07.2024;10991.57;11092.63;11121.33;10991.57;3.02;-0.0088
23.07.2024;11089.53;11185.98;11187.44;11039.15;2.89;-0.0074
22.07.2024;11172.75;11182.64;11245.53;11119.3;2.56;0.0015
19.07.2024;11156.2;11144.59;11193.35;11082.77;2.73;0.0015
18.07.2024;11139.46;11194.41;11252.11;11106.79;2.72;0.0005
17.07.2024;11134.08;11152.32;11169.32;11045.57;2.49;-0.0005
16.07.2024;11139.34;11109.68;11188.12;11102.64;2.52;0.0067
12.07.2024;11064.85;11035.13;11113.55;10995.1;2.9;0.0037
11.07.2024;11024.33;10832.87;11024.33;10832.87;3;0.0262
10.07.2024;10743.3;10817.56;10826.55;10708.98;2.82;-0.0049
9.07.2024;10796.57;10889;10900.64;10772.29;2.38;-0.0062
8.07.2024;10864.08;10901.9;10962.85;10834.58;2.52;0.0011
5.07.2024;10851.78;10909.45;10944.72;10780.83;2.67;-0.0019
4.07.2024;10872.56;10715.32;10895.41;10683.75;2.89;0.0178
3.07.2024;10682.15;10494.72;10688.53;10480.38;2.49;0.0226
2.07.2024;10446.24;10354.95;10446.24;10264.55;2.1;0.01
1.07.2024;10343.31;10714.07;10743.74;10254.36;2.57;-0.0286
28.06.2024;10647.91;10738.78;10808.15;10607.83;3.17;-0.0031
27.06.2024;10680.91;10518.2;10715.53;10518.2;2.37;0.0185
26.06.2024;10486.7;10680.5;10706.92;10486.7;2.48;-0.0181
25.06.2024;10679.98;10780.64;10792.55;10645.11;2.19;-0.0082
24.06.2024;10767.85;10791.65;10824.21;10668.54;2.42;-0.0003
21.06.2024;10771.36;10754.37;10792.92;10708.24;2.67;0.0029
20.06.2024;10739.94;10588.16;10739.94;10569.23;2.07;0.0257
14.06.2024;10471.32;10528.92;10575.98;10403.73;2.2;0.0076
13.06.2024;10391.89;10320.02;10449.6;10320.02;2.01;0.0223
12.06.2024;10165.52;10062.81;10231.75;10040.88;1.95;0.0114
11.06.2024;10051.37;10003.41;10165.33;9958.11;2.07;0.0053
10.06.2024;9997.91;10132.42;10142.95;9986.94;1.78;-0.0139
7.06.2024;10138.97;10322.45;10335.75;10112.4;1.75;-0.0137
6.06.2024;10279.69;10391.45;10446.49;10275.33;2.04;-0.0069
5.06.2024;10350.96;10403.23;10434.66;10239.6;2.7;-0.0013
4.06.2024;10364.56;10576.56;10610.18;10362.47;2.63;-0.0182
3.06.2024;10556.8;10443.16;10564.87;10334.77;2.82;0.015
31.05.2024;10400.48;10519.11;10724.9;10358.55;3.24;-0.0077
30.05.2024;10481.3;10501.15;10550.14;10413.77;2.28;0.0002
29.05.2024;10479.16;10688.63;10714.67;10464.88;2.51;-0.0186
28.05.2024;10677.49;10678.75;10721.22;10589.67;2.87;0.0019
27.05.2024;10656.96;10701.24;10758.92;10584.59;2.66;-0.0018
24.05.2024;10676.65;10784.2;10810.66;10661.35;2.23;-0.0107
23.05.2024;10792.53;10869.55;10972.73;10785.6;2.93;-0.0098
22.05.2024;10899.28;10930.39;11024.52;10800.9;3.43;0.0004
21.05.2024;10895.25;10767.34;11088.01;10751.98;5.63;0.0145
20.05.2024;10739.57;10660.8;10775;10633.93;3.31;0.009
17.05.2024;10643.58;10369.87;10652.28;10356.99;3.25;0.0314
16.05.2024;10319.96;10189.06;10319.96;10145.13;2.96;0.0159
15.05.2024;10158.63;10171.09;10240.99;10121.68;2.38;-0.0015
14.05.2024;10173.42;10098.61;10273.14;10036.41;2.82;0.0117
13.05.2024;10055.98;10251.22;10288.7;10055.98;2.56;-0.0159
10.05.2024;10218.58;10276.76;10364.6;10218.58;3.05;-0.0049
9.05.2024;10268.58;10274.38;10304.29;10187.83;2.51;0.002
8.05.2024;10247.75;10358.1;10383.25;10233.84;2.35;-0.0086
7.05.2024;10336.5;10282.75;10375.74;10144.74;3.42;0.0068
6.05.2024;10267.09;10282.33;10325.68;10202.03;2.82;-0.001
3.05.2024;10276.88;10237.02;10286.57;10177.34;3.15;0.0067
2.05.2024;10208.65;10097.39;10208.79;10097.39;3.3;0.0162
30.04.2024;10045.74;10081.68;10132.88;10036.81;2.84;-0.0037
29.04.2024;10082.77;9992.45;10082.77;9942.14;2.95;0.0169
26.04.2024;9915.62;9763.37;9956.11;9751.47;3.45;0.0205
25.04.2024;9716.77;9753.97;9826.85;9664.45;3.01;-0.0005
24.04.2024;9722.09;9716.25;9766.89;9667.55;3.29;0.008
22.04.2024;9645.02;9794.74;9831.5;9645.02;2.94;-0.005
19.04.2024;9693.46;9431.16;9714.77;9420.9;3.22;0.0177
18.04.2024;9524.59;9564.85;9601.56;9475.75;2.1;-0.0006
17.04.2024;9530.47;9617.18;9716.94;9503.64;2.71;-0.0018
16.04.2024;9548.09;9645.01;9650.42;9513.24;2.72;-0.0136
15.04.2024;9679.8;9759.28;9823.53;9679.8;3.15;-0.0137
9.04.2024;9814.19;9807.65;9849.26;9746.84;1.22;0.0059
8.04.2024;9756.69;9639.23;9766.57;9627.4;2.96;0.0143
5.04.2024;9618.83;9275.88;9618.83;9249.78;3.58;0.0537
4.04.2024;9129.02;8949.12;9168.73;8938.97;3.3;0.0205
3.04.2024;8945.8;8983.32;9018.58;8903.17;2.76;-0.0105
2.04.2024;9040.87;9186;9266.01;8993.46;3.23;-0.0127
1.04.2024;9157.54;9234.48;9258.64;8961.52;3.27;0.0017
29.03.2024;9142.4;9125.29;9154.31;9055.66;2.74;0.0069
28.03.2024;9079.97;8863.66;9079.97;8863.66;2.65;0.031
27.03.2024;8806.72;8834.01;8906.38;8749;2.72;-0.0001
26.03.2024;8807.38;9029.5;9048.81;8760.63;3.49;-0.0246
25.03.2024;9029.38;9113.27;9336.02;9029.38;3.55;-0.009
22.03.2024;9111.5;9162.41;9223.2;9080.87;2.77;-0.0032
21.03.2024;9140.7;9035.94;9192.5;9020.21;3.76;0.0207
20.03.2024;8955.12;8932.48;9027.73;8905.13;2.89;0.0028
19.03.2024;8929.88;8702.35;8934.25;8695.39;2.41;0.0243
18.03.2024;8718.11;8844.5;8862.93;8718.11;1.98;-0.0125
15.03.2024;8828.7;8901.86;8908.01;8795.9;1.79;-0.0062
14.03.2024;8883.52;8941.46;8972.52;8848.61;2.09;-0.003
13.03.2024;8910.23;9089.55;9091.85;8910.23;2.51;-0.0175
12.03.2024;9069.03;9147.51;9192.68;8986.11;2.68;-0.0069
11.03.2024;9131.82;9337.19;9368.51;9131.82;2.86;-0.0026
8.03.2024;9155.32;9084.18;9174.19;9023.85;3.31;0.0112
7.03.2024;9054.18;8797.54;9054.18;8797.54;2.65;0.0354
6.03.2024;8744.58;8856.29;8908.59;8736.45;2.88;-0.0131
5.03.2024;8860.52;8913.41;8970.75;8814.8;3.42;-0.0053
4.03.2024;8907.65;9139.11;9149.9;8907.65;2.86;-0.0208
1.03.2024;9097.15;9218.3;9226.98;9090.79;2.68;-0.0105
29.02.2024;9193.69;9100.27;9214.59;9089.18;3.54;0.0145
28.02.2024;9062.36;9184.63;9236.77;9062.36;3.29;-0.0128
27.02.2024;9179.48;9351.44;9351.44;9179.48;3.24;-0.0166
26.02.2024;9334.13;9411.11;9450.48;9319.11;3.01;-0.0043
23.02.2024;9374.2;9361.76;9416.7;9294.01;3.43;0.0029
22.02.2024;9347.17;9359.58;9406.27;9282.31;3.77;0.0038
21.02.2024;9312.12;9393.46;9396.78;9246.13;3.75;-0.0035
20.02.2024;9344.97;9238.59;9351.48;9200.28;3.36;0.0162
19.02.2024;9196.41;9322.05;9404.11;9173.27;4.22;-0.0058
16.02.2024;9250.36;9274.48;9306.34;9216.19;4.5;0.0009
15.02.2024;9242.15;9113.55;9282.89;9112.63;3.76;0.0187
14.02.2024;9072.08;9014.87;9076.97;8917.74;3.51;0.0087
13.02.2024;8994;9217.45;9217.45;8994;4.55;-0.0197
12.02.2024;9174.58;9134.22;9175.82;9088.65;3.65;0.0142
9.02.2024;9045.97;8993.12;9045.97;8943.49;3.34;0.0107
8.02.2024;8949.79;8862.37;8990.37;8862.37;2.77;0.0121
7.02.2024;8843.01;8912.11;8939.72;8843.01;3.31;-0.0029
6.02.2024;8869.14;8810.69;8890.52;8751.16;3.55;0.0105
5.02.2024;8776.7;8716.57;8784.21;8694.94;2.58;0.0128
2.02.2024;8665.68;8711.84;8762.89;8622.19;2.85;0.0023
1.02.2024;8646.12;8514.47;8682.35;8514.47;2.95;0.0176
31.01.2024;8496.66;8480.29;8577.35;8438.83;2.7;0.0026
30.01.2024;8474.3;8512.55;8516.63;8438.88;2.78;0.0003
29.01.2024;8471.7;8400.05;8502.45;8399.35;2.94;0.015
26.01.2024;8346.28;8191.37;8347.58;8180.25;3.42;0.0216
25.01.2024;8169.89;8142.06;8212.93;8095.9;2.67;0.0098
24.01.2024;8090.9;7982.71;8149.53;7939.44;2.54;0.0177
23.01.2024;7950.06;8101.23;8145.85;7915.48;2.68;-0.0075
22.01.2024;8010.14;7996.1;8069.92;7970.1;2.29;0.0017
19.01.2024;7996.7;8040.29;8044.82;7937.06;2.14;-0.0024
18.01.2024;8016.09;8104.04;8116.9;8016.09;2.74;-0.001
17.01.2024;8024.37;7998.51;8052.84;7982.82;2.22;-0.001
16.01.2024;8032.17;8063.12;8090.14;7994.96;2.36;-0.0015
15.01.2024;8044.02;7996.66;8094.58;7979;2.35;0.0072
12.01.2024;7986.47;7854.17;8081.69;7774.88;3.46;0.0115
11.01.2024;7895.96;7905.35;7950.05;7860.24;2.46;0.0028
10.01.2024;7874.16;7733.72;7897.06;7709.32;2.77;0.0178
9.01.2024;7736.26;7860.16;7875.18;7696.5;2.98;-0.0106
8.01.2024;7818.89;7667.85;7824.61;7667.85;2.87;0.0249
5.01.2024;7628.73;7570.05;7628.73;7532.16;2.36;0.0107
4.01.2024;7547.84;7421.86;7547.84;7386.99;2.39;0.0183
3.01.2024;7412.04;7624.59;7624.59;7411.81;2.17;-0.0278
2.01.2024;7624.29;7542.25;7634.08;7542.25;2.4;0.0206
29.12.2023;7470.18;7415.27;7510.36;7415.27;2.66;0.01
28.12.2023;7396.34;7278.13;7444.94;7278.13;1.72;0.0187
27.12.2023;7260.44;7282.21;7365.11;7215.02;2.15;-0.0053
26.12.2023;7299.33;7303.3;7405.05;7202.88;1.94;0.0047
25.12.2023;7264.87;7526.56;7526.56;7208.14;1.33;-0.0387
22.12.2023;7557.56;7769.78;7794.95;7553.85;1.87;-0.0267
21.12.2023;7764.95;7657.03;7789.88;7621.34;2.16;0.0133
20.12.2023;7662.85;7717.18;7764.16;7614.72;1.88;-0.0082
19.12.2023;7725.86;7783.9;7786.35;7642.65;2.46;-0.0083
18.12.2023;7790.42;7957.51;8010.47;7782.29;2.37;-0.0254
15.12.2023;7993.85;7821.97;7998.42;7812.5;2.7;0.0231
14.12.2023;7813.4;7622.69;7831.85;7582.33;2.57;0.0377
13.12.2023;7529.31;7718.96;7721.23;7529.31;2.51;-0.0283
12.12.2023;7748.85;7727.37;7790.81;7661.6;2.38;0.0026
11.12.2023;7728.44;7920.28;7924.71;7723.18;2.33;-0.0234
8.12.2023;7913.76;7988.63;7992.3;7888.45;2.12;-0.0082
7.12.2023;7978.82;7867.68;7978.82;7747.49;2.41;0.0158
6.12.2023;7855.06;8066.52;8112.39;7855.06;2.99;-0.0251
5.12.2023;8057.42;8094.73;8120.5;8023.41;2.29;-0.0037
4.12.2023;8087.24;8050.77;8108.23;7962.26;2.38;0.0076
1.12.2023;8026.27;8071.48;8090.21;7956.57;2.19;0.0098
30.11.2023;7948.6;8007.77;8049.28;7912.02;2.48;-0.0076
29.11.2023;8009.33;8115.37;8125.12;7993.09;2.35;-0.0104
28.11.2023;8093.54;8115.99;8149.44;8046.08;2.79;-0.0017
27.11.2023;8107.19;8028.79;8129.13;8023.38;3.28;0.0185
24.11.2023;7959.95;7902.36;7996.08;7851.34;2.33;0.0078
23.11.2023;7898.59;7991.94;8062.11;7898.59;3.07;-0.0111
22.11.2023;7987.03;8054.8;8060.26;7984.89;2.52;-0.0074
21.11.2023;8046.62;7993.89;8046.62;7945.35;2.78;0.0126
20.11.2023;7946.37;7918.31;7984.73;7918.31;2.5;0.0118
17.11.2023;7853.36;7786.74;7863.99;7773.74;2.13;0.0093
16.11.2023;7780.68;7675.35;7813.16;7675.35;2.15;0.015
15.11.2023;7665.87;7716.07;7738.19;7634.35;2.29;-0.0007
14.11.2023;7671.05;7601.37;7689.12;7520.02;2.79;0.0136
13.11.2023;7568.3;7784.33;7785.62;7568.3;2.58;-0.0261
10.11.2023;7771.34;7838.33;7855.24;7765.38;2.33;-0.0089
9.11.2023;7841.46;7801.29;7885.74;7738.66;2.57;-0.0025
8.11.2023;7860.88;7912.44;7942.82;7821.49;2.4;0.002
7.11.2023;7844.8;7874.18;7919.25;7818.63;2.26;-0.003
6.11.2023;7868.02;7792.84;7900.45;7788.61;2.26;0.021
3.11.2023;7705.99;7673.65;7721.18;7581.57;2.41;0.0055
2.11.2023;7663.62;7585.21;7701.13;7577.48;2.44;0.0179
1.11.2023;7528.57;7568.86;7597.82;7297;2.7;0.0019
31.10.2023;7514.1;7749.33;7775.13;7496.37;2.3;-0.0258
30.10.2023;7712.85;7688.39;7786.37;7660.85;2.7;0.0008
27.10.2023;7706.41;7671.85;7740.52;7500.54;2.89;0.0058
26.10.2023;7662.05;7516.5;7741.33;7384.45;4.03;0.0319
25.10.2023;7424.97;8035.83;8084.44;7424.97;3.57;-0.0708
24.10.2023;7990.42;7797.07;8014.81;7765.5;4;0.031
23.10.2023;7750.39;7649.39;7794.54;7520.13;3.19;0.0319
20.10.2023;7510.68;7691.02;7711.16;7446.97;3.24;-0.0333
19.10.2023;7769.03;7868;7971.39;7728.43;3.09;-0.0094
18.10.2023;7842.66;7964.63;8015.26;7836.99;2.92;-0.0336
17.10.2023;8115.01;7962.6;8115.01;7908.13;3.28;0.0227
16.10.2023;7934.56;8228.49;8252.32;7926.64;3.52;-0.022
13.10.2023;8113.3;8242.29;8242.29;8071.51;3.28;-0.0177
12.10.2023;8259.27;8440.54;8471.11;8054.64;4.83;-0.0086
11.10.2023;8330.64;8482.37;8518.86;8315.7;4.04;-0.0133
10.10.2023;8442.79;8304.81;8450.83;8304.81;4.4;0.0304
9.10.2023;8193.44;8300.69;8383.53;8193.44;4.37;-0.0321
6.10.2023;8464.93;8410.25;8516.77;8397.55;4.54;-0.0027
5.10.2023;8487.98;8386.33;8496.42;8179.93;5.89;0.0186
4.10.2023;8333.14;8523.74;8533.49;8329.02;5.14;-0.0212
3.10.2023;8513.54;8547.39;8562.7;8462.03;4.89;0.0031
2.10.2023;8486.96;8374.6;8511.61;8367.26;4.98;0.0182
29.09.2023;8334.94;8239.09;8379.44;8239.09;4.68;0.0141
28.09.2023;8218.74;8235.79;8288.48;8187.96;4.13;0.0006
27.09.2023;8213.76;8275.14;8298.65;8170.89;4.43;-0.0035
26.09.2023;8242.26;8368.51;8389.68;8240.83;5.97;-0.0075
25.09.2023;8304.83;8105.36;8311.16;8096.95;4.86;0.033
22.09.2023;8039.18;8035.05;8094.03;7981.23;4.19;0.0048
21.09.2023;8000.46;7714.9;8000.46;7663.9;4.39;0.0364
20.09.2023;7719.82;7834.91;7897.82;7706.4;3.83;-0.0082
19.09.2023;7784.01;7696.77;7804.05;7644.68;3.5;0.0135
18.09.2023;7680.36;7952.42;7952.42;7678.83;3.61;-0.0354
15.09.2023;7961.98;8128.49;8139.34;7961.98;4.24;-0.0193
14.09.2023;8118.75;8035.7;8118.75;7797.06;4.4;0.0131
13.09.2023;8013.89;8184.04;8235.96;7977.69;4.57;-0.0179
12.09.2023;8159.9;8174.99;8276.17;8081.34;4.73;0.0016
11.09.2023;8146.49;8385.55;8403.81;8127.07;5.4;-0.0215
8.09.2023;8325.3;8371.33;8398.44;8295.67;4.86;-0.0015
7.09.2023;8337.67;8218.47;8358.03;8218.47;5.1;0.0191
6.09.2023;8181.67;8291.55;8298.54;8127.88;5.98;-0.0066
5.09.2023;8236.14;8161.14;8236.14;8090.21;5.55;0.0116
4.09.2023;8141.33;8141.33;8238.89;8126.01;5.21;0.0106
1.09.2023;8056.12;7966.65;8060.92;7930.09;4.23;0.0175
31.08.2023;7917.93;7964.48;8005.82;7880.56;4.42;0.0014
29.08.2023;7907.13;7963.44;8013.52;7865.58;4.69;-0.0044
28.08.2023;7941.73;7837.07;8008.78;7837.07;5.49;0.0292
25.08.2023;7716.67;7545.17;7747.64;7407.94;4.83;0.03
24.08.2023;7491.94;7648.3;7872.81;7476.31;8.17;-0.0145
23.08.2023;7602.24;7820.4;7831.97;7602.24;5.85;-0.0218
22.08.2023;7771.3;7856.15;7902.95;7691.26;5.03;-0.0033
21.08.2023;7796.65;7446.35;7820.08;7411.52;5.51;0.0377
18.08.2023;7513.29;7803.71;7815.83;7424.04;4.98;-0.0323
17.08.2023;7764.47;7675.06;7798.61;7633.13;4.73;0.0133
16.08.2023;7662.26;7685.25;7734.41;7588.91;5.2;-0.0037
15.08.2023;7690.75;7763.7;7794.94;7550.3;4.98;-0.006
14.08.2023;7737.38;7795.01;7868.74;7681.27;5.48;0.003
11.08.2023;7714.38;7453.42;7720.97;7397.63;5.21;0.0367
10.08.2023;7441.5;7652.36;7766.12;7398.48;7.27;-0.0209
9.08.2023;7600.65;7423.11;7644.59;7367.03;5.89;0.0254
8.08.2023;7412.2;7495.65;7504.38;7359.49;4.51;-0.0078
7.08.2023;7470.1;7434.53;7493.87;7399.02;3.82;0.0094
4.08.2023;7400.57;7256.57;7427.1;7205.35;4.3;0.0248
3.08.2023;7221.51;7296;7365.61;7200.81;5.12;-0.0051
2.08.2023;7258.54;7180.08;7336.11;7174.64;5.35;0.0126
1.08.2023;7168.51;7209.59;7296.57;7113.31;5.81;-0.0067
31.07.2023;7216.96;7143.14;7256.61;7117.09;6.52;0.0212
28.07.2023;7067.28;6925.41;7096.99;6912;6.45;0.0308
27.07.2023;6856.11;6799.44;6856.11;6766.32;5.26;0.0166
26.07.2023;6743.86;6606.21;6744.37;6583.47;4.65;0.021
25.07.2023;6605.04;6721.45;6724.52;6538.29;4.85;-0.0135
24.07.2023;6695.14;6730.03;6807.95;6626.3;5.18;0.0011
21.07.2023;6687.78;6688.1;6724.42;6617.69;4.73;0.0008
20.07.2023;6682.11;6633.44;6700.36;6518.85;5.59;0.0169
19.07.2023;6571.28;6370.27;6572.33;6299.57;4.21;0.0324
18.07.2023;6365;6636.7;6662.17;6362.68;5.16;-0.0357
17.07.2023;6600.46;6501.8;6603.98;6476.61;4.37;0.0253
14.07.2023;6437.74;6415.52;6446.01;6353.91;3.42;0.0109
13.07.2023;6368.35;6354.92;6436.83;6315.43;5.23;0.0041
12.07.2023;6342.05;6360.7;6410.61;6287.37;5.76;-0.0033
11.07.2023;6362.93;6371.22;6386.84;6234.51;5.5;0.0148
10.07.2023;6270.41;6264.34;6290.34;6228.19;4.12;0.0135
7.07.2023;6187.09;6139.81;6223.26;6117.06;3.66;0.0075
6.07.2023;6141.14;6135.31;6207.85;6124.23;4.11;0.0056
5.07.2023;6106.76;6026.12;6121.6;5889.87;4.05;0.0171
4.07.2023;6003.9;6049.69;6076.72;5980.08;4.77;-0.0019
3.07.2023;6015.29;5867.23;6018.29;5867.23;3.73;0.0445
27.06.2023;5759.11;5725.06;5766.58;5692.86;1.23;0.0046
26.06.2023;5732.86;5644.33;5749.66;5632.06;2.82;0.0269
23.06.2023;5582.75;5509.76;5593.99;5478.93;3.4;0.0285
22.06.2023;5428.26;5200.23;5434.61;5152.81;3.8;0.0465
21.06.2023;5186.83;5280.54;5329.36;5169.6;2.28;-0.0123
20.06.2023;5251.61;5265.04;5315.5;5200.33;2.77;-0.0034
19.06.2023;5269.31;5485.47;5485.47;5269.08;2.64;-0.0377
16.06.2023;5475.48;5518.51;5566.11;5467.01;2.96;-0.0036
15.06.2023;5495.48;5397.75;5495.48;5378.25;2.79;0.0251
14.06.2023;5360.77;5437.14;5490.89;5322.01;3.56;-0.0126
13.06.2023;5429.05;5568.1;5595.19;5392.8;3.28;-0.0286
12.06.2023;5588.98;5673.76;5730.19;5588.98;3.34;-0.0067
9.06.2023;5626.49;5603.48;5639.23;5535.01;3.37;0.0131
8.06.2023;5554;5549.81;5593.59;5458.76;3.58;-0.0013
7.06.2023;5561.18;5515.87;5608.84;5515.87;5.14;0.032
6.06.2023;5388.8;5372.37;5439.89;5314.51;3.47;0.003
5.06.2023;5372.66;5233.23;5374.58;5204.48;3.99;0.0504
2.06.2023;5114.97;5102.56;5146.7;5051.35;3.86;0.0313
1.06.2023;4959.8;4928.63;5007.07;4928.63;2.6;0.0149
31.05.2023;4886.91;4956.26;4982.45;4867.95;3.95;-0.013
30.05.2023;4951.35;4840.44;4972.76;4830.78;4.37;0.0383
29.05.2023;4768.56;4696.17;4799.98;4622.26;3.19;0.041
26.05.2023;4580.67;4442.24;4605.29;4436.91;2.58;0.0345
25.05.2023;4427.99;4440.36;4471.46;4404.09;1.81;0.0007
24.05.2023;4424.92;4476.91;4524.13;4416.18;1.93;-0.0103
23.05.2023;4470.97;4467.34;4499.32;4436.49;1.93;0.0011
22.05.2023;4466.19;4532.6;4556.78;4415.66;2.32;-0.0079
18.05.2023;4501.73;4681.71;4699.95;4489.06;2.64;-0.0343
17.05.2023;4661.68;4605.61;4680.86;4599.79;2.91;0.0157
16.05.2023;4589.71;4405.99;4589.71;4405.99;4.03;0.0197
15.05.2023;4501.21;4489.58;4700.01;4475.45;2.38;-0.0614
12.05.2023;4795.61;4897.32;4982.86;4758.14;3.66;-0.0108
11.05.2023;4848.01;4492.19;4871.83;4492.19;4.35;0.0787
10.05.2023;4494.48;4544.48;4554.94;4485.83;2.31;-0.0092
9.05.2023;4536.2;4547.21;4622.07;4513.31;2.91;-0.0056
8.05.2023;4561.94;4433.26;4577.73;4374.14;2.27;0.0366
5.05.2023;4400.76;4481.4;4496.09;4378.29;1.42;-0.0186
4.05.2023;4484.35;4470.23;4577.73;4447.53;1.73;-0.0004
3.05.2023;4485.97;4517.38;4534.53;4311.41;2.06;-0.0045
2.05.2023;4506.24;4628.36;4660.31;4499.01;1.76;-0.0242
28.04.2023;4617.93;4799.51;4808.5;4578.14;1.77;-0.0358
27.04.2023;4789.63;4777.51;4831.42;4750.5;1.9;0.0013
26.04.2023;4783.5;4885.94;4901.39;4749.11;1.92;-0.022
25.04.2023;4891.01;5034.07;5042.08;4881.03;2.03;-0.0262
24.04.2023;5022.79;5022.51;5076.41;5010.25;1.68;0.0021
20.04.2023;5012.34;5037.42;5037.46;4997.53;1.05;-0.0097
19.04.2023;5061.22;5026.36;5093.06;4975.48;2.12;0.0085
18.04.2023;5018.7;5076.16;5105.06;5011.89;1.92;-0.008
17.04.2023;5059.35;5112.01;5138.08;5057.48;1.91;-0.0066
14.04.2023;5092.88;5143.38;5176.58;5092.88;2.07;-0.0083
13.04.2023;5135.55;5164.86;5195.5;5131.93;2.6;-0.0021
12.04.2023;5146.11;5128.03;5198.39;5121.09;2.9;0.0043
11.04.2023;5124.25;5110.78;5143.53;5082.05;3.05;0.0063
10.04.2023;5092.31;4956.02;5102.42;4956.02;2.46;0.034
7.04.2023;4924.64;4921.33;4955.45;4899.46;1.78;0.0024
6.04.2023;4912.81;4920.26;4970.32;4890.55;1.67;-0.0014
5.04.2023;4919.87;4997.01;5028.81;4919.87;2.21;-0.0129
4.04.2023;4984.11;4842.42;4988.55;4830.55;2.27;0.0299
3.04.2023;4839.46;4806.4;4851.69;4680.46;2.5;0.0055
31.03.2023;4812.93;4876.23;4881.75;4790.68;2.58;-0.017
30.03.2023;4896.07;4926.41;5000.21;4880.77;2.6;-0.0095
29.03.2023;4943.18;4803.11;4945.96;4752.91;2.4;0.0274
28.03.2023;4811.45;5003.68;5004.99;4811.45;2.3;-0.0373
27.03.2023;4997.8;5064.79;5074.03;4997.8;1.99;-0.0068
24.03.2023;5031.98;5078.56;5117.37;5000.23;2.1;-0.0059
23.03.2023;5061.99;4997.21;5061.99;4983.7;2.35;0.0122
22.03.2023;5001.06;4931.72;5001.06;4890.9;2.31;0.0192
21.03.2023;4906.63;4986.26;5019.89;4890.44;2.72;-0.0138
20.03.2023;4975.47;5119.58;5137.07;4971.1;2.83;-0.0313
17.03.2023;5136.44;5277.7;5291.94;5136.44;2.93;-0.0178
16.03.2023;5229.58;5155.49;5230.7;5129.83;2.41;0.0211
15.03.2023;5121.57;5224.4;5239.45;5065.31;3.41;-0.0165
14.03.2023;5207.32;5331.39;5347.89;5207.32;3.22;-0.0218
13.03.2023;5323.19;5414.87;5429.33;5283.02;3.35;-0.0114
10.03.2023;5384.56;5396.68;5453.85;5375.9;3.77;-0.0113
9.03.2023;5446.22;5457.89;5503.09;5431.57;4.64;0.0014
8.03.2023;5438.38;5378.88;5442.24;5341.18;4.28;0.0105
7.03.2023;5381.9;5438.61;5497.81;5377.36;4.19;-0.0019
6.03.2023;5392.31;5244.17;5428.34;5221.93;4.32;0.0345
3.03.2023;5212.38;5244.71;5298.39;5054.44;3.75;-0.0093
2.03.2023;5261.41;5319.22;5352.08;5256.81;3.64;-0.0115
1.03.2023;5322.65;5258.74;5350.71;5253.89;3.39;0.0163
28.02.2023;5237.33;5229.3;5265.69;5180.25;3.65;0.0077
27.02.2023;5197.44;5076.41;5204.09;4980.06;3.78;0.0274
24.02.2023;5058.75;5088.48;5114.49;5054.18;3.67;-0.0054
23.02.2023;5086.2;5057.43;5117.76;5044.19;3.09;0.0029
22.02.2023;5071.41;5163.29;5174.91;5047.46;3;-0.0151
21.02.2023;5149.39;5150.24;5264.83;5136.41;3.37;0.0001
20.02.2023;5148.93;5051.64;5173.44;5014.44;2.8;0.0243
17.02.2023;5026.83;4937.65;5081.81;4897.37;2.36;0.0036
16.02.2023;5008.58;5311.35;5320.4;4943.47;3.22;0.0117
15.02.2023;4950.47;4769.15;4951.04;4769.15;1.37;0.0988
7.02.2023;4505.34;4903.85;4903.85;4484.66;2.25;-0.0862
6.02.2023;4930.18;4879.46;4991.68;4748.25;0.81842;-0.0135
3.02.2023;4997.63;4754.57;4997.63;4727.23;4.14;0.0516
2.02.2023;4752.24;4720.15;4870.66;4479.69;5.01;0.0082
1.02.2023;4713.39;4998.82;5014.88;4713.39;3.2;-0.0529
31.01.2023;4976.55;5076.89;5111.74;4955.48;3.7;-0.0235
30.01.2023;5096.29;5201.07;5232.63;5096.29;3;-0.0184
27.01.2023;5191.83;5198.3;5229;5020.54;3.59;-0.0075
26.01.2023;5231.02;5291.91;5315.9;5200.51;3.38;-0.0126
25.01.2023;5297.77;5403.74;5419.3;5103.3;3.92;-0.0128
24.01.2023;5366.52;5396.99;5438.71;5244.17;4.07;-0.007
23.01.2023;5404.43;5514;5568.97;5351.61;4.64;-0.0156
20.01.2023;5490.34;5444.03;5507.71;5426.58;4.79;0.0125
19.01.2023;5422.37;5371.28;5452.8;5348.68;3.95;0.0071
18.01.2023;5384.17;5337.16;5424.23;5310.73;4.79;0.013
17.01.2023;5315.03;5223.45;5338.93;5194.37;5.13;0.0206
16.01.2023;5207.67;5013.16;5207.67;4981.39;4.09;0.0447
13.01.2023;4984.86;4952.37;5073.28;4925.56;3.86;0.0028
12.01.2023;4970.71;4849.57;4977.33;4601.25;5.01;0.0511
11.01.2023;4728.88;5005.61;5091.32;4728.88;3.95;-0.0519
10.01.2023;4987.99;5168.59;5187.43;4947.37;3.96;-0.0354
9.01.2023;5170.97;5401.57;5416.73;5123.66;4.32;-0.032
6.01.2023;5341.96;5120.96;5420.38;4961.31;5.33;0.0441
5.01.2023;5116.41;5555.99;5566.98;5116.41;4.51;-0.0737
4.01.2023;5523.49;5646.62;5651.74;5478.79;4.99;-0.0183
3.01.2023;5626.57;5697.61;5704.83;5610.43;5.46;-0.0061
2.01.2023;5661.1;5568.43;5661.49;5568.43;4.83;0.0276
30.12.2022;5509.16;5510.78;5562.98;5489.2;4.32;0.0059
29.12.2022;5476.92;5347.71;5476.92;5331.77;3.54;0.0246
28.12.2022;5345.61;5443.83;5450.33;5258.48;4.13;-0.0164
27.12.2022;5434.51;5512.91;5513.56;5428.49;4.02;-0.0126
26.12.2022;5504.09;5516.87;5549.43;5480.45;3.82;0.009
23.12.2022;5454.79;5415.43;5457.23;5370.8;4.07;0.0014
22.12.2022;5447.23;5462.18;5515.67;5398.43;4.76;0.0033
21.12.2022;5429.13;5449.3;5491.1;5412.74;5.94;0.0019
20.12.2022;5419.02;5408.8;5445.92;5344.29;6.99;0.005
19.12.2022;5391.91;5270.61;5403.98;5267.74;7.2;0.0341
16.12.2022;5214.29;5211.76;5258.97;5154.58;6.29;0.0049
15.12.2022;5188.82;5174.41;5247.84;5050.36;6.52;0.0241
14.12.2022;5066.5;5274.94;5302.14;5041.71;8.36;-0.0361
13.12.2022;5256.19;5212.58;5299.33;5179.82;6.52;0.0121
12.12.2022;5193.3;5057.53;5222.55;5057.53;6.91;0.0376
9.12.2022;5005.3;4875.22;5015.23;4871.28;4.46;0.0308
8.12.2022;4855.92;4823.33;4859.27;4711.43;4.74;0.006
7.12.2022;4827.04;5001.97;5014.57;4773.38;5.45;-0.0346
6.12.2022;5000.14;4946.62;5032.57;4910.25;5.37;0.0085
5.12.2022;4957.77;4993.74;5010.57;4883.73;5.49;-0.001
2.12.2022;4962.97;5054.48;5054.48;4912.84;4.83;-0.0165
1.12.2022;5046.19;5046.3;5091.68;5001.72;5.54;0.0138
30.11.2022;4977.64;4925.54;4988.68;4922.88;5.48;0.0031
29.11.2022;4962.48;4942.83;4988.2;4817.31;5.43;0.008
28.11.2022;4923.23;4906.4;4970.36;4854.27;6.2;0.01
25.11.2022;4874.34;4857.09;4891.36;4807.59;5.82;0.0033
24.11.2022;4858.21;4880.46;4939.73;4794.21;7.26;0.0008
23.11.2022;4854.16;4803.88;4864.81;4727.83;6.51;0.0154
22.11.2022;4780.74;4566.81;4780.74;4566.81;6.38;0.046
21.11.2022;4570.32;4503.1;4570.32;4463.53;5.16;0.0096
18.11.2022;4526.73;4465.59;4555.58;4456.57;4.8;0.0043
17.11.2022;4507.24;4686.54;4686.54;4446.58;5.82;-0.0345
16.11.2022;4668.52;4702.3;4784.01;4650.52;7.85;0.0025
15.11.2022;4657;4632.16;4686.57;4534.68;7.23;0.019
14.11.2022;4570.2;4451.86;4571.16;4449.8;5.48;0.0257
11.11.2022;4455.53;4541.44;4552.44;4428.35;5.43;-0.0026
10.11.2022;4467.1;4367.76;4498.3;4364.24;5.62;0.0243
9.11.2022;4360.96;4369.65;4426.62;4332.95;5.65;0.0002
8.11.2022;4360.28;4336.41;4412.18;4297.49;6.7;0.0066
7.11.2022;4331.66;4230.14;4338.88;4230.14;6.21;0.0272
4.11.2022;4216.98;4131.13;4233.58;4131.13;4.86;0.0272
3.11.2022;4105.46;4078.24;4116.49;4055.89;3.88;0.0082
2.11.2022;4071.87;4059.18;4098.56;4040.11;4.35;0.0042
1.11.2022;4054.67;3987.44;4100.23;3987.44;4.48;0.019
31.10.2022;3978.96;3884.64;3982.25;3880.87;3.73;0.0258
28.10.2022;3878.98;3929.46;3929.76;3877.55;1.62;-0.0141
27.10.2022;3934.52;3978.01;3990.14;3906.26;4.15;-0.0105
26.10.2022;3976.36;3989.65;4015.62;3958.79;4.12;0.0003
25.10.2022;3975.01;3983.35;4011.08;3928.17;5.49;-0.0006
24.10.2022;3977.51;3946.13;4008.8;3939.73;4.16;0.0109
21.10.2022;3934.63;3905.29;3952.22;3888.38;4.59;0.0087
20.10.2022;3900.85;3889.76;3942.54;3877.84;6.56;0.0053
19.10.2022;3880.34;3851.41;3916.91;3844.48;6.03;0.0101
18.10.2022;3841.56;3877.9;3927.17;3805.45;6.35;-0.0016
17.10.2022;3847.62;3641.4;3854.13;3641.4;5.87;0.0608
14.10.2022;3626.96;3584.94;3640.55;3584.94;3.48;0.0207
13.10.2022;3553.43;3529.78;3577.79;3521.6;3.37;0.0101
12.10.2022;3517.75;3576.84;3591.37;3510.86;3.56;-0.0151
11.10.2022;3571.55;3590.26;3605.95;3563.2;3.95;-0.0029
10.10.2022;3582.03;3574.09;3601.87;3564.8;3.45;0.004
7.10.2022;3567.6;3563.85;3589.24;3546.07;3.74;0.0039
6.10.2022;3553.85;3519.85;3565.47;3507.75;4.33;0.0199
5.10.2022;3484.42;3486.7;3508.46;3425.38;4.63;0.0076
4.10.2022;3458.03;3435.55;3480.91;3400.39;5.26;0.0194
3.10.2022;3392.13;3195.81;3392.13;3195.81;4.43;0.0667
30.09.2022;3179.99;3151.32;3180.11;3129.74;3.5;0.0105
29.09.2022;3146.89;3218.87;3240.78;3048.67;4.52;-0.016
28.09.2022;3198.16;3257.96;3283.94;3198.16;3.76;-0.0207
27.09.2022;3265.64;3270.53;3319.14;3256.46;6.15;0.0017
26.09.2022;3260.15;3282.61;3309.95;3222.21;4.07;-0.0065
23.09.2022;3281.61;3303.54;3330.37;3275.57;3.47;-0.0041
22.09.2022;3295.27;3247.3;3320.01;3236.99;4.66;0.0153
21.09.2022;3245.76;3269.45;3295.74;3225.03;4.48;-0.0097
20.09.2022;3277.5;3221.08;3280.42;3149.68;5.63;0.0244
19.09.2022;3199.54;3382.95;3393.66;3199.54;4.21;-0.0526
16.09.2022;3377.33;3349.58;3398.62;3317.53;5.52;0.0042
15.09.2022;3363.12;3456.44;3494.38;3355.15;5.31;-0.0243
14.09.2022;3446.96;3419.07;3446.96;3277.43;4.6;0.0059
13.09.2022;3426.88;3684.23;3715.28;3426.88;8.39;-0.0609
12.09.2022;3649.21;3557.67;3650.07;3543.92;7.36;0.0363
9.09.2022;3521.38;3465.1;3545.86;3452.23;6.47;0.0244
8.09.2022;3437.41;3428.31;3505.65;3420.01;7.52;0.0102
7.09.2022;3402.81;3401.76;3424.37;3338.13;7.01;0.0034
6.09.2022;3391.38;3381.68;3448.93;3298.62;9.06;0.0098
5.09.2022;3358.37;3247.88;3367.31;3247.88;7.2;0.0421
2.09.2022;3222.74;3166.49;3228.88;3159.81;6.33;0.0255
1.09.2022;3142.74;3168.41;3182.95;3125.47;6.46;-0.009
31.08.2022;3171.21;3178.28;3198.99;3160.04;5.65;0.002
29.08.2022;3164.96;3145.17;3174.02;3110.6;5.18;0.006
26.08.2022;3146.1;3149.43;3188.07;3104.9;7.92;0.003
25.08.2022;3136.77;3076.1;3145.92;3074.81;6.17;0.025
24.08.2022;3060.3;3133.19;3148.82;3056.76;5.58;-0.0196
23.08.2022;3121.52;3070.2;3131.56;3070.2;5.85;0.0193
22.08.2022;3062.49;3017.82;3083.34;3010.69;5.53;0.014
19.08.2022;3020.2;3025.23;3051.83;2999.46;5.09;0.0001
18.08.2022;3020.01;2979.1;3033.81;2924.83;6.98;0.0134
17.08.2022;2980;2928.71;2983.22;2919.77;6.2;0.0229
16.08.2022;2913.3;2862.2;2913.3;2773.06;5.57;0.0196
15.08.2022;2857.18;2875.37;2885.34;2844.6;3.58;-0.0025
12.08.2022;2864.25;2871.82;2896.67;2840.99;4.55;-0.0015
11.08.2022;2868.44;2846.83;2877.6;2834.61;4.84;0.0137
10.08.2022;2829.58;2779.66;2829.62;2764.41;4.69;0.0159
9.08.2022;2785.16;2795.36;2807.21;2762.28;4.15;-0.0035
8.08.2022;2795.06;2759.43;2802.83;2759.43;4.66;0.0162
5.08.2022;2750.49;2729.93;2762.95;2707.18;5.42;0.0098
4.08.2022;2723.67;2701.07;2733.5;2701.07;3.98;0.0146
3.08.2022;2684.46;2664.83;2684.46;2664.83;3.47;0.0139
2.08.2022;2647.59;2662;2681.43;2639.05;3.54;-0.0033
1.08.2022;2656.32;2600.28;2656.76;2600.28;3.03;0.0247
29.07.2022;2592.38;2547.95;2593.57;2538.51;2.73;0.0193
28.07.2022;2543.33;2567.2;2574.38;2537.2;3.16;-0.0003
27.07.2022;2544.12;2550.85;2553.77;2531.66;2.74;0.0028
26.07.2022;2537.12;2558.23;2565.61;2535.32;3.52;-0.0045
25.07.2022;2548.49;2520.84;2553.13;2520.84;2.93;0.0127
22.07.2022;2516.56;2524.49;2542.65;2497.82;2.91;0.0021
21.07.2022;2511.37;2528.51;2535.93;2505.16;2.87;-0.0055
20.07.2022;2525.2;2514.16;2527.46;2499.12;2.65;0.0093
19.07.2022;2501.96;2449.4;2501.96;2448.03;3;0.0207
18.07.2022;2451.27;2401.91;2451.27;2401.91;2.15;0.0289
14.07.2022;2382.44;2407.33;2421.18;2375;2.25;-0.0106
13.07.2022;2408.08;2435.49;2440.98;2387.89;1.92;-0.0107
8.07.2022;2434.02;2425.47;2439.83;2422.79;0.60936;0.0035
7.07.2022;2425.56;2412.35;2428.62;2403.51;1.83;0.0072
6.07.2022;2408.15;2389.11;2411.1;2370.13;2.26;0.0156
5.07.2022;2371.25;2417.84;2426.48;2359.09;2.53;-0.0144
4.07.2022;2405.98;2458.73;2475.47;2405.62;2.18;-0.0155
1.07.2022;2443.77;2408.64;2452.82;2399.54;2.05;0.016
30.06.2022;2405.36;2400.8;2427.63;2367.78;2.94;0.0014
29.06.2022;2401.96;2492.58;2494.28;2401.96;2.7;-0.0355
28.06.2022;2490.24;2545.35;2561.14;2471.54;2.78;-0.0154
27.06.2022;2529.26;2539.24;2548.73;2483.01;2.18;-0.0097
24.06.2022;2554.08;2554.76;2570.63;2525.17;2.51;0.0043
23.06.2022;2543.21;2576.07;2588.68;2533.86;2.62;-0.0121
22.06.2022;2574.3;2572.18;2586.86;2552.05;2.42;-0.0006
21.06.2022;2575.86;2557.11;2582.21;2550.77;2.72;0.0144
20.06.2022;2539.2;2548.95;2555.1;2511.34;2.62;0.0023
17.06.2022;2533.33;2491.51;2533.33;2485.82;2.65;0.0193
16.06.2022;2485.36;2535.82;2544.11;2469.21;2.79;-0.0181
15.06.2022;2531.11;2514.14;2533.81;2501.77;2.61;0.0088
14.06.2022;2508.91;2526.73;2533.41;2489.82;2.47;-0.0005
13.06.2022;2510.14;2540.28;2552.17;2506.04;2.67;-0.013
10.06.2022;2543.1;2553.48;2597.94;2527.59;3.33;-0.0111
9.06.2022;2571.57;2546.28;2575.28;2511.36;3.33;0.0123
8.06.2022;2540.36;2658.55;2684.77;2532.74;3.91;-0.0407
7.06.2022;2648.19;2651.15;2656.17;2619.53;3.77;0
6.06.2022;2648.12;2619.81;2654.41;2619.81;4.27;0.018
3.06.2022;2601.25;2611.22;2623.17;2591.47;2.95;-0.0001
2.06.2022;2601.56;2578.72;2603.34;2565.09;3.27;0.0128
1.06.2022;2568.76;2554.28;2585.78;2554.28;3.52;0.0085
31.05.2022;2547.09;2538.89;2553.51;2527.72;4.56;0.0079
30.05.2022;2527.15;2466.88;2539.12;2466.7;3.65;0.0362
27.05.2022;2438.84;2454.41;2470.04;2434.17;3.41;-0.0049
26.05.2022;2450.84;2422.8;2455.73;2421.15;3.02;0.0135
25.05.2022;2418.1;2386.71;2423.83;2383.94;2.93;0.0181
24.05.2022;2375;2392.05;2399.31;2372.83;2.75;-0.0025
23.05.2022;2380.9;2392.34;2397.91;2346.12;3.53;0.0036
20.05.2022;2372.35;2389.75;2407.26;2372.35;3.08;-0.0089
18.05.2022;2393.61;2390.78;2411.57;2382.07;2.91;-0.0005
17.05.2022;2394.83;2401.23;2416.76;2380.1;2.87;0.0017
16.05.2022;2390.79;2419.06;2424.54;2390.79;2.77;-0.0118
13.05.2022;2419.23;2416.04;2426.94;2397.27;2.49;0.0118
12.05.2022;2390.98;2429;2430.09;2361.77;3.51;-0.0257
11.05.2022;2453.94;2498.24;2500.89;2428.75;3.16;-0.0145
10.05.2022;2490.17;2478.49;2494.64;2478.49;3.13;0.0099
9.05.2022;2465.71;2461.94;2480.57;2441.59;3;0.0028
6.05.2022;2458.72;2460.87;2470.61;2433.32;2.94;-0.0031
5.05.2022;2466.26;2460.8;2491.55;2460.07;3.1;0.0147
29.04.2022;2430.55;2433.34;2442.79;2404.69;2.97;0.0009
28.04.2022;2428.42;2460.32;2477.94;2427.86;3.19;-0.0094
27.04.2022;2451.43;2422.91;2453.88;2398.9;3.5;0.0137
26.04.2022;2418.3;2498.11;2510.27;2402.3;4.19;-0.0259
25.04.2022;2482.6;2471.29;2498.77;2427.6;4.14;0.0041
22.04.2022;2472.5;2550.11;2561;2465.51;4.81;-0.033
21.04.2022;2556.81;2531.68;2562.28;2531.2;4.77;0.0122
20.04.2022;2525.93;2525.92;2536.49;2502.43;4.12;0.0027
19.04.2022;2519.24;2524.02;2533.33;2490.96;5.16;0.0036
18.04.2022;2510.31;2502.65;2515.35;2490.57;4.57;0.0064
15.04.2022;2494.37;2475.21;2497.41;2471.73;3.44;0.0077
14.04.2022;2475.41;2480.92;2485.32;2461.54;4.93;0.0061
13.04.2022;2460.43;2482.66;2497.83;2435.14;5.35;-0.0014
12.04.2022;2463.76;2449.34;2474.7;2421.54;6.2;0.006
11.04.2022;2449.11;2402.21;2450.16;2400.92;6.38;0.0233
8.04.2022;2393.39;2361.15;2395.02;2361.03;4.83;0.0205
7.04.2022;2345.2;2329.06;2350.8;2329.06;3.55;0.0124
6.04.2022;2316.4;2328.45;2348.17;2308.27;3.87;-0.0043
5.04.2022;2326.29;2317.48;2343.49;2303.67;4.7;0.0064
4.04.2022;2311.4;2264.47;2311.4;2264.47;4.6;0.0265
1.04.2022;2251.68;2238.73;2255.14;2230.35;3.59;0.0082
31.03.2022;2233.3;2236.21;2245.03;2220.79;3.14;0.0014
30.03.2022;2230.15;2212.78;2233.53;2212.78;3.58;0.0107
29.03.2022;2206.5;2181.76;2220.49;2181.76;4.04;0.0157
28.03.2022;2172.48;2180.21;2192.92;2170.24;2.83;-0.0014
25.03.2022;2175.51;2179.5;2195.23;2173.64;2.11;-0.0003
24.03.2022;2176.2;2187.06;2199.16;2171.51;2.71;-0.0032
23.03.2022;2183.1;2195.45;2203.66;2170.41;3;-0.0026
22.03.2022;2188.81;2150.96;2188.81;2146.32;2.62;0.0063
21.03.2022;2175.03;2160.42;2176.33;2152.44;2.39;0.0143
18.03.2022;2144.26;2141.09;2148.67;2132.64;2.22;0.005
17.03.2022;2133.59;2103.99;2136.26;2103.99;2.75;0.0214
16.03.2022;2088.8;2092.07;2098.49;2078.2;2.39;0.0045
15.03.2022;2079.38;2087.49;2101.28;2077.59;2.86;-0.0044
14.03.2022;2088.48;2066.36;2092.59;2066.23;2.7;0.0169
11.03.2022;2053.85;2045.71;2067.69;2042.94;2.93;0.0058
10.03.2022;2042.01;2054.59;2068.27;2026.98;3.28;-0.0003
9.03.2022;2042.7;2036.27;2054.99;2031.48;3.15;0.0156
8.03.2022;2011.35;1987;2032.07;1986.03;3.05;0.007
7.03.2022;1997.33;1982.95;2011.63;1963.76;3.12;0.0033
4.03.2022;1990.75;2013.91;2024.07;1990.75;2.9;-0.0161
3.03.2022;2023.29;2009.33;2047.01;2009.33;2.61;0.0187
2.03.2022;1986.09;1974.17;1999.76;1961.63;2.51;0.0082
1.03.2022;1969.91;1969.13;1994.28;1946.48;3.19;0.0122
28.02.2022;1946.19;1920.2;1957.47;1912.23;2.81;-0.0032
25.02.2022;1952.4;1883.04;1964.99;1866.34;3.3;0.0546
24.02.2022;1851.38;1953.15;1953.15;1826.83;2.43;-0.0817
23.02.2022;2016.03;2034.26;2043.39;2016.03;2.27;-0.0007
22.02.2022;2017.46;2007.03;2032.82;1979.94;2.68;-0.0101
21.02.2022;2038.06;2050.09;2060.69;2015.38;2.27;0.0028
18.02.2022;2032.44;2025.48;2032.44;2004.48;1.76;0.0112
17.02.2022;2009.99;2049.74;2059.05;2009.99;2.58;-0.0154
16.02.2022;2041.43;2049.91;2057.88;2036.25;2.12;0.0016
15.02.2022;2038.16;2008.29;2054.78;2006.04;2.59;0.0181
14.02.2022;2001.94;2024.95;2026.9;1971.11;2.99;-0.0239
11.02.2022;2051.05;2023.04;2052.5;1992.3;2.48;0.0061
10.02.2022;2038.67;2048.35;2054.86;2029.61;2.51;-0.002
9.02.2022;2042.85;2022.53;2046.03;2017.38;2.52;0.0178
8.02.2022;2007.14;1998.55;2019.27;1982.07;2.39;0.0048
7.02.2022;1997.58;1943.16;1997.58;1908.57;2.76;0.0277
4.02.2022;1943.81;1969.73;1974.21;1936.97;2.07;-0.0072
3.02.2022;1957.9;1995.68;2013.64;1949.21;2.54;-0.0221
2.02.2022;2002.24;2028.88;2032.68;1994.31;3.06;-0.0065
1.02.2022;2015.43;2013.97;2034.85;2008.69;2.3;0.0061
31.01.2022;2003.2;2004.29;2009.39;1992.66;2.31;0.0101
28.01.2022;1983.18;2006.79;2019.43;1976.68;2.83;-0.0073
27.01.2022;1997.69;1920.21;1997.69;1913.54;2.54;0.0238
26.01.2022;1951.17;1951.17;1975.25;1945.97;2.14;0.0031
25.01.2022;1945.07;1927.82;1953.33;1880.18;2.65;0.0182
24.01.2022;1910.29;2004.87;2013.1;1910.29;4.24;-0.0502
21.01.2022;2011.16;2008.05;2021.14;1986.53;3.15;-0.0015
20.01.2022;2014.21;2056.21;2065.84;1984.43;5.45;-0.0136
19.01.2022;2042.08;1978.78;2043.99;1959.4;4.92;0.0314
18.01.2022;1979.83;2082.81;2086.27;1979.83;4.15;-0.0508
17.01.2022;2085.76;2088.53;2102.97;2083.55;3.85;0.0062
14.01.2022;2072.93;2071.35;2081.07;2049.32;3.21;0.0011
13.01.2022;2070.65;2057.47;2086.96;2054.48;3.4;0.0031
12.01.2022;2064.21;2070.35;2074.76;2055.66;3.25;0.0089
11.01.2022;2046.03;2060.08;2068.17;2017.99;3.87;0.0004
10.01.2022;2045.16;2049.54;2071.81;2045.16;3.14;0.0058
7.01.2022;2033.32;2020.27;2036.08;1994.45;3.5;0.0128
6.01.2022;2007.55;1993.06;2021.77;1977.66;2.93;0.0011
5.01.2022;2005.29;1965.52;2006.79;1954.74;2.39;0.0212
4.01.2022;1963.59;1941.26;1978.12;1925.22;3.09;0.0192
3.01.2022;1926.66;1871.25;1926.66;1864.79;2.29;0.0371
31.12.2021;1857.65;1867.71;1885.23;1845.59;1.59;-0.0032
30.12.2021;1863.65;1916.28;1923.7;1860.69;2.34;-0.0168
29.12.2021;1895.46;1847.29;1901.46;1828.6;2.57;0.0243
28.12.2021;1850.48;1913.31;1916.17;1830.87;2.58;-0.0246
27.12.2021;1897.13;1898.66;1942.53;1873.3;3.01;0.0031
24.12.2021;1891.28;1820.67;1891.28;1808.93;2.53;0.0476
23.12.2021;1805.3;1835.33;1849.33;1726.32;3.81;0.0006
22.12.2021;1804.15;1832.54;1895.54;1783.77;4.58;-0.0464
21.12.2021;1892.02;2077.22;2103.56;1884.66;4.37;-0.0799
20.12.2021;2056.36;2055.37;2149.4;1914.02;5.04;-0.0135
17.12.2021;2084.47;2324.28;2406.87;2071.25;8.28;-0.0852
16.12.2021;2278.55;2183.19;2278.55;2175.5;5.94;0.0538
15.12.2021;2162.26;2190.61;2195.07;2145.63;5.56;0.0021
14.12.2021;2157.74;2124.06;2157.74;2124.06;6.27;0.0268
13.12.2021;2101.51;2047.64;2115.89;2047.64;4.77;0.0324
10.12.2021;2035.48;2033.62;2042.93;2000.59;4.36;0.002
9.12.2021;2031.44;2010.2;2053.47;2010.2;4.97;0.0134
8.12.2021;2004.55;1990.03;2012.26;1977.85;5.53;0.0119
7.12.2021;1981.04;1944.56;1984.03;1942.5;4.35;0.0278
6.12.2021;1927.39;1917.32;1928.14;1898.62;3.72;0.0089
3.12.2021;1910.41;1896.82;1914.13;1893.67;3.68;0.0161
2.12.2021;1880.06;1864.14;1882.61;1864.14;3.63;0.0122
1.12.2021;1857.4;1823.06;1857.83;1823.06;3.83;0.0264
30.11.2021;1809.65;1807.52;1818.79;1797.16;3.36;0.0005
29.11.2021;1808.79;1783.06;1811.87;1776.77;3.04;0.0182
26.11.2021;1776.41;1811.07;1811.07;1760.8;3.83;-0.0235
25.11.2021;1819.23;1816.38;1833.76;1805.97;3.4;0.0038
24.11.2021;1812.3;1798.96;1834.51;1798.96;5.03;0.0155
23.11.2021;1784.56;1756.71;1791.82;1746.36;5.64;0.0166
22.11.2021;1755.48;1751.05;1759.16;1741.17;2.7;0.0104
19.11.2021;1737.33;1748.72;1759.06;1727.62;3.62;0.0003
18.11.2021;1736.88;1710.05;1759.19;1697.86;6.13;0.0175
17.11.2021;1707.04;1683.1;1712.9;1683.1;3.38;0.0127
16.11.2021;1685.6;1715.41;1725.02;1681.78;4.89;-0.0099
15.11.2021;1702.49;1672.35;1710.79;1672.35;4.67;0.0391
12.11.2021;1638.5;1631.43;1642.76;1631.43;2.83;0.0083
11.11.2021;1625.06;1622.02;1643.82;1621.49;4.06;0.0006
10.11.2021;1624.09;1618.06;1627.22;1603.78;3.4;0.0052
9.11.2021;1615.64;1612.01;1631.45;1605.41;4.44;0.0044
8.11.2021;1608.54;1589.43;1609.07;1589.23;3.18;0.0158
5.11.2021;1583.59;1575.83;1586.59;1568.82;3.14;0.005
4.11.2021;1575.67;1562.15;1577.36;1562.15;4;0.0185
3.11.2021;1547.03;1532.93;1547.03;1491.67;4.39;0.0091
2.11.2021;1533.05;1538.77;1545.88;1528.42;2.65;-0.0021
1.11.2021;1536.32;1522.28;1538.52;1516.24;2.57;0.0094
28.10.2021;1522.04;1518.91;1524.65;1516.54;1.1;0.0018
27.10.2021;1519.25;1507.77;1520.66;1503.03;2.93;0.0067
26.10.2021;1509.2;1501.17;1512.74;1501.17;2.25;0.0109
25.10.2021;1492.93;1474.97;1495.1;1470.59;3.06;0.0088
22.10.2021;1479.93;1456.07;1484.89;1453.97;2.71;0.0168
21.10.2021;1455.42;1433.29;1455.42;1417.21;3.43;0.0158
20.10.2021;1432.8;1432.24;1437.93;1427.67;2.21;0.0021
19.10.2021;1429.85;1423.81;1434.67;1423.81;1.91;0.0086
18.10.2021;1417.7;1411.38;1419.22;1407.87;2.05;0.0058
15.10.2021;1409.56;1417.45;1421.69;1397.15;2.61;-0.0016
14.10.2021;1411.75;1412.17;1422.44;1407.88;1.78;-0.0013
13.10.2021;1413.54;1421.31;1432.13;1408.21;2.56;-0.0023
12.10.2021;1416.82;1409.42;1423.02;1408.01;2.14;0.0004
11.10.2021;1416.3;1401.59;1419.7;1401.59;1.7;0.0131
8.10.2021;1398;1398.04;1404.6;1393.56;1.93;0.0008
7.10.2021;1396.92;1385.05;1397.93;1385.05;2.05;0.0184
6.10.2021;1371.69;1390.72;1392.4;1371.54;2.27;-0.0143
5.10.2021;1391.65;1396.11;1396.44;1388.54;1.67;-0.002
4.10.2021;1394.37;1402.73;1407.84;1394.37;1.58;-0.0051
1.10.2021;1401.46;1398.93;1407.79;1394.55;1.53;-0.0035
30.09.2021;1406.39;1393.64;1409.19;1386.09;2.07;0.0104
29.09.2021;1391.92;1392.13;1396.67;1389.85;1.72;0.0059
28.09.2021;1383.77;1391.44;1393.38;1379.13;1.87;-0.0057
27.09.2021;1391.74;1393.19;1397.71;1380.81;1.68;0.0051
24.09.2021;1384.68;1397.36;1397.36;1376.01;2.03;-0.012
23.09.2021;1401.46;1409.28;1417.45;1394.35;2.68;-0.0043
22.09.2021;1407.46;1393.25;1407.46;1385.48;1.5;0.0158
21.09.2021;1385.61;1400.84;1403.76;1383.35;1.7;-0.0045
20.09.2021;1391.91;1407.67;1407.67;1386.33;1.74;-0.0194
17.09.2021;1419.43;1424.04;1427.07;1412.23;1.54;0.001
16.09.2021;1418.03;1423.95;1434.74;1412.78;1.54;-0.0042
15.09.2021;1423.97;1433.86;1440.9;1420.38;1.61;-0.0073
14.09.2021;1434.43;1440.67;1443.5;1428.96;1.74;-0.0027
13.09.2021;1438.28;1439.75;1447.96;1433.75;1.6;-0.0003
10.09.2021;1438.72;1455.46;1457.1;1437.62;1.51;-0.0096
9.09.2021;1452.67;1430.98;1452.67;1427.77;1.69;0.0131
8.09.2021;1433.85;1454.83;1457.27;1432.54;1.95;-0.0144
7.09.2021;1454.74;1474.21;1476.33;1454.74;1.85;-0.0135
6.09.2021;1474.72;1469.75;1478.73;1469.75;1.7;0.0041
3.09.2021;1468.67;1480.35;1482.11;1464.8;1.77;-0.0071
2.09.2021;1479.12;1474.85;1484.95;1472.05;1.53;0.0034
1.09.2021;1474.13;1475.62;1478.96;1468.42;1.66;0.0014
31.08.2021;1472.07;1467.18;1474.47;1463.01;1.89;0.0095
27.08.2021;1458.23;1450.87;1458.23;1444.11;1.59;0.0067
26.08.2021;1448.52;1456;1463.79;1445.17;1.71;-0.0033
25.08.2021;1453.3;1465.28;1471.43;1451.92;1.86;-0.0086
24.08.2021;1465.89;1465.18;1472.46;1463.91;1.66;0.0045
23.08.2021;1459.33;1454.91;1463.07;1453.68;1.72;0.0102
20.08.2021;1444.63;1439.62;1449.27;1432.4;1.63;0.0033
19.08.2021;1439.86;1441.38;1445.74;1433.85;1.74;-0.0067
18.08.2021;1449.59;1465.81;1467.16;1448.48;2.13;-0.0083
17.08.2021;1461.69;1454.14;1461.69;1449.58;1.88;0.0044
16.08.2021;1455.25;1451.33;1461.96;1451.33;2.05;0.0053
13.08.2021;1447.64;1444.82;1449.25;1440.09;1.39;0.0022
12.08.2021;1444.46;1419.69;1447.63;1419.69;2.03;0.0238
11.08.2021;1410.87;1438.92;1439.48;1409.81;2.14;-0.0185
10.08.2021;1437.46;1429.51;1441.81;1426.47;1.93;0.0034
9.08.2021;1432.61;1436.85;1443.29;1431.75;1.85;-0.0015
6.08.2021;1434.76;1433.6;1440.53;1425.06;1.87;0.0021
5.08.2021;1431.78;1409.05;1431.78;1407.56;2.07;0.0127
4.08.2021;1413.8;1411.9;1422.34;1411.9;1.99;0.0035
3.08.2021;1408.81;1402.26;1409.36;1394.27;2.33;0.0065
2.08.2021;1399.65;1397.98;1405.63;1394.66;2.22;0.0048
30.07.2021;1392.91;1383.25;1392.91;1380.02;1.84;0.0009
29.07.2021;1391.64;1370.52;1393.37;1370.52;1.63;0.0227
28.07.2021;1360.75;1358.79;1367.63;1355.23;1.41;0.0009
27.07.2021;1359.55;1348.08;1360.5;1341.93;1.49;0.0077
26.07.2021;1349.11;1355.54;1362.57;1345.52;1.48;-0.0018
19.07.2021;1351.59;1357.93;1357.93;1348.39;0.49807;-0.0086
16.07.2021;1363.28;1370.32;1373.63;1356.95;0.99935;-0.0029
14.07.2021;1367.25;1349.22;1368.98;1349.22;1.15;0.0152
13.07.2021;1346.84;1358.27;1360.14;1341.52;1.38;-0.0075
12.07.2021;1356.96;1378.63;1382.45;1355.23;1.64;-0.0155
9.07.2021;1378.28;1374.44;1381.74;1371.53;1.46;0.0039
8.07.2021;1372.98;1387.74;1390.89;1372.54;1.55;-0.0127
7.07.2021;1390.58;1384.57;1392.84;1383.97;1.55;0.0058
6.07.2021;1382.58;1394.72;1399.9;1382.58;1.79;-0.0072
5.07.2021;1392.64;1375.97;1392.64;1375.72;1.34;0.0116
2.07.2021;1376.67;1376.88;1379.79;1367.68;1.31;0.0028
1.07.2021;1372.78;1358.2;1372.78;1358.2;1.35;0.0121
30.06.2021;1356.34;1374.94;1376.71;1352.23;1.85;-0.0112
29.06.2021;1371.67;1371.96;1374.74;1351.64;1.95;-0.0012
28.06.2021;1373.25;1395.16;1397.55;1368.24;2.04;-0.0134
25.06.2021;1391.86;1413.99;1414.88;1391.69;1.5;-0.0134
24.06.2021;1410.79;1405.26;1416.14;1405.17;1.77;0.006
23.06.2021;1402.35;1415.44;1419.77;1401.32;2.1;-0.0053
22.06.2021;1409.85;1402.88;1411.44;1394.25;1.75;0.0081
21.06.2021;1398.52;1388.2;1398.52;1378.34;1.86;0.0054
18.06.2021;1391.06;1417.95;1422.29;1388.71;2.1;-0.0163
17.06.2021;1414.15;1423;1429.23;1413.58;2.11;-0.012
16.06.2021;1431.31;1441.36;1444.79;1431.31;1.74;-0.0078
15.06.2021;1442.56;1451.06;1456.56;1431.7;2.81;-0.008
14.06.2021;1454.25;1466.57;1468.95;1450.67;1.85;-0.0045
11.06.2021;1460.86;1461.22;1464.49;1455.39;2.23;0.0029
10.06.2021;1456.68;1453.24;1461.97;1449.64;2.4;0.0052
9.06.2021;1449.17;1449.85;1453.36;1445.69;2.04;0.0011
8.06.2021;1447.59;1447.49;1453.9;1443.39;1.95;0.0004
7.06.2021;1447.08;1433.96;1450.55;1432.64;1.97;0.0099
4.06.2021;1432.93;1428.91;1435.24;1427.4;1.87;0.0034
3.06.2021;1428.13;1434.72;1441.15;1411.52;2.64;-0.0018
2.06.2021;1430.73;1420.4;1434.79;1418.77;2.23;-0.0009
1.06.2021;1432.04;1424.47;1433.55;1423;2.08;0.0081
31.05.2021;1420.49;1423.09;1427.44;1414.32;2.04;-0.0011
28.05.2021;1422.06;1413.12;1422.8;1401.25;2.1;0.005
27.05.2021;1415.03;1426.55;1428.87;1411.46;2.54;-0.0084
26.05.2021;1427.06;1413.12;1427.06;1392.87;2.65;0.0192
25.05.2021;1400.22;1457.48;1459.26;1400.22;3.34;-0.0358
24.05.2021;1452.18;1453.69;1457.77;1441.7;2.02;0.0002
21.05.2021;1451.84;1456.44;1462.28;1449.28;1.97;0.0014
20.05.2021;1449.82;1451.87;1454.81;1439.36;2.33;-0.0067
18.05.2021;1459.57;1461.15;1465.56;1459.57;2.16;0.0037
17.05.2021;1454.25;1446.96;1455.48;1445.61;1.99;0.009
12.05.2021;1441.33;1441.41;1444.98;1437.66;0.92231;-0.0025
11.05.2021;1444.87;1447.96;1455.89;1438.38;2.48;-0.011
10.05.2021;1460.9;1448.99;1462.47;1447.91;2.49;0.0136
7.05.2021;1441.33;1432.25;1444.79;1423.39;4;0.0095
6.05.2021;1427.73;1422.56;1434.72;1422.56;2.29;0.0054
5.05.2021;1420;1419.58;1425.04;1409.33;1.79;0.0026
4.05.2021;1416.25;1423.21;1428.07;1411;2.28;-0.0034
3.05.2021;1421.15;1400.15;1421.15;1400.15;1.95;0.0167
30.04.2021;1397.82;1399.05;1405.91;1396.49;1.84;-0.0026
29.04.2021;1401.52;1390.92;1406.51;1390.92;1.55;0.0113
28.04.2021;1385.91;1391.47;1394.64;1379.93;1.69;-0.0044
27.04.2021;1392;1381.73;1397.61;1381.73;1.87;0.0131
26.04.2021;1374;1343.85;1374;1343.58;1.95;0.0214
22.04.2021;1345.15;1320.16;1345.5;1309.23;2.09;0.011
21.04.2021;1330.48;1363.87;1365.5;1308.52;2.31;-0.0255
20.04.2021;1365.27;1376.37;1385.88;1357.26;2.56;-0.0087
19.04.2021;1377.23;1409.85;1416.03;1377.23;2.49;-0.022
16.04.2021;1408.14;1405.5;1412.56;1400.49;2.32;0.0003
15.04.2021;1407.76;1409.76;1418.52;1398.28;4.19;-0.001
14.04.2021;1409.19;1380.71;1409.19;1380.71;2.63;0.0224
13.04.2021;1378.37;1380.11;1386.36;1352.74;2.86;0.0018
12.04.2021;1375.91;1393.47;1398.12;1374.67;2.3;-0.0124
9.04.2021;1393.24;1413.18;1414.95;1373.65;2.87;-0.0165
8.04.2021;1416.55;1422.22;1430.34;1415.06;2.1;-0.0009
7.04.2021;1417.89;1420.94;1422.48;1402.36;2.78;-0.0019
6.04.2021;1420.59;1442.88;1445.13;1419.66;2.65;-0.0149
5.04.2021;1442.06;1428.99;1443.02;1428.88;2.56;0.0083
2.04.2021;1430.19;1434.91;1438.88;1423.51;2.19;0.0025
1.04.2021;1426.56;1399.34;1426.56;1399.34;3.17;0.025
31.03.2021;1391.73;1397.47;1403.75;1389.86;2.34;-0.0029
30.03.2021;1395.79;1392.84;1400.77;1371.43;3.35;0.0023
29.03.2021;1392.57;1385.74;1398.89;1382.47;2.67;0.0075
26.03.2021;1382.15;1409.2;1412.35;1359.15;2.95;-0.0088
25.03.2021;1394.36;1416.99;1432.62;1394.19;3.51;-0.0138
24.03.2021;1413.86;1377.37;1421.93;1371.72;4.12;0.0264
23.03.2021;1377.43;1335.76;1402.99;1256.32;5.74;-0.0013
22.03.2021;1379.25;1491.99;1491.99;1378.56;1.96;-0.0979
19.03.2021;1528.99;1548.53;1553.93;1511.29;3.19;-0.0141
18.03.2021;1550.93;1567.79;1574.56;1548.24;3.57;-0.0072
17.03.2021;1562.11;1574.78;1589.47;1562.11;2.85;-0.0053
16.03.2021;1570.42;1561.41;1572.91;1557.54;2.17;0.0096
15.03.2021;1555.47;1558.78;1566.39;1553.49;2.09;-0.0012
12.03.2021;1557.39;1558.33;1561.65;1549.31;2.62;0.0006
11.03.2021;1556.49;1574.58;1580.03;1551.88;3.1;-0.0054
10.03.2021;1564.94;1551.3;1565.97;1551.3;3;0.0102
9.03.2021;1549.15;1542.04;1553.23;1534.99;3.05;0.0123
8.03.2021;1530.27;1549.62;1553.81;1526.58;3.56;-0.0076
5.03.2021;1541.98;1534.4;1546.08;1528.47;3.4;0.0026
4.03.2021;1538.04;1527.07;1542.65;1523.2;3.3;0.0046
3.03.2021;1531.05;1538.8;1553.96;1526.54;4.18;0.0015
2.03.2021;1528.82;1526.36;1537.46;1518.51;4.7;0.0009
1.03.2021;1527.45;1491.88;1527.45;1491.13;3.24;0.0381
26.02.2021;1471.39;1457.18;1480.04;1443.17;3.71;-0.0113
25.02.2021;1488.21;1510.32;1514.81;1460.36;4.43;0.0035
24.02.2021;1483.02;1506.53;1523.19;1483.02;4.25;-0.023
23.02.2021;1517.86;1558.03;1560.29;1515.25;5.1;-0.0211
22.02.2021;1550.61;1563.08;1569.84;1547.49;4.05;-0.0062
19.02.2021;1560.34;1551.54;1567.42;1550.14;4.24;0.009
18.02.2021;1546.41;1548.04;1562.83;1544.22;4.68;0.0038
17.02.2021;1540.59;1550.49;1553.41;1529.93;5.05;-0.0014
16.02.2021;1542.82;1569.12;1575.7;1522.08;5.63;-0.0126
15.02.2021;1562.49;1551.12;1565.83;1547.38;2.96;0.0156
12.02.2021;1538.44;1542.5;1548.69;1526.72;3.02;-0.0046
11.02.2021;1545.59;1548.69;1558.08;1543.67;3.34;-0.001
10.02.2021;1547.11;1553.41;1556.7;1536.44;3.95;0.002
9.02.2021;1544.05;1538.53;1551.83;1535.59;5.43;0.006
8.02.2021;1534.91;1540.22;1542.44;1519;6.52;0.0051
5.02.2021;1527.17;1544.79;1549.51;1527.17;3.82;-0.005
4.02.2021;1534.9;1537.65;1544.63;1530.82;4.22;0.0009
3.02.2021;1533.55;1520.7;1533.55;1509.18;5.13;0.0146
2.02.2021;1511.43;1505.09;1517.53;1500.04;4.77;0.0127
1.02.2021;1492.45;1484.86;1500.88;1471.54;3.82;0.0129
29.01.2021;1473.45;1485.21;1495.54;1469.55;4.51;-0.0166
28.01.2021;1498.32;1453.37;1498.43;1431.32;5.83;0.0213
27.01.2021;1467;1536.13;1541.01;1467;5.79;-0.045
26.01.2021;1536.11;1538.03;1548.61;1516.81;5.3;-0.0027
25.01.2021;1540.21;1556.57;1560.13;1536.97;4.81;-0.0015
22.01.2021;1542.45;1551.47;1555.59;1525.93;4.69;-0.0059
21.01.2021;1551.57;1578.03;1582.04;1551.57;5.61;-0.0113
20.01.2021;1569.35;1573.37;1574.3;1552.1;4.56;0.0028
19.01.2021;1565.01;1569.56;1578.3;1561.02;4.84;0.0053
18.01.2021;1556.77;1525.45;1558.81;1508.9;4.68;0.0212
15.01.2021;1524.49;1536.82;1547.84;1516.14;4.76;-0.0143
14.01.2021;1546.6;1567.11;1568.06;1542.17;4.81;-0.0081
13.01.2021;1559.28;1559.77;1567.88;1545.26;4.88;0.0063
12.01.2021;1549.53;1549.04;1556.35;1537.38;5.17;0.0087
11.01.2021;1536.19;1539.96;1557.45;1522.25;5.41;-0.0029
8.01.2021;1540.61;1526.51;1542.75;1519.8;5.5;0.0121
7.01.2021;1522.24;1511.6;1522.7;1505.7;6.18;0.0112
6.01.2021;1505.42;1501.61;1509.49;1497.09;5.33;0.0106
5.01.2021;1489.56;1492.19;1506.89;1474.76;6.66;-0.0039
4.01.2021;1495.43;1482.17;1500.01;1478.7;5.17;0.0127
31.12.2020;1476.72;1480.81;1484.37;1470.28;3.42;-0.0022
30.12.2020;1479.91;1463.07;1483.16;1463.07;4.19;0.0139
29.12.2020;1459.69;1442.97;1459.69;1436.21;3.42;0.0142
28.12.2020;1439.29;1431.67;1442.79;1431.67;2.98;0.0093
25.12.2020;1426.03;1429.07;1438.49;1422.71;2.63;0
24.12.2020;1426;1420.15;1432.28;1415.35;5.26;0.0059
23.12.2020;1417.66;1409.15;1420.77;1409.15;5.13;0.009
22.12.2020;1404.97;1393.57;1410.82;1391.69;4.51;0.0148
21.12.2020;1384.43;1401.65;1401.65;1368.58;5;-0.017
18.12.2020;1408.32;1398.26;1410.32;1396.03;4.46;0.0064
17.12.2020;1399.36;1403.1;1406.1;1392.47;4.45;0.005
16.12.2020;1392.45;1404.25;1409.78;1384.98;5.02;-0.0021
15.12.2020;1395.4;1392.74;1399.86;1385.19;5.28;0.0049
14.12.2020;1388.55;1378.19;1394.58;1378.19;4.63;0.013
11.12.2020;1370.7;1351.84;1371;1342.58;5.15;0.0128
10.12.2020;1353.36;1353.39;1366.78;1346.52;5.9;0.0023
9.12.2020;1350.32;1342.42;1360.63;1342.42;5.51;0.0078
8.12.2020;1339.89;1331.63;1348.3;1331.63;5.31;0.0075
7.12.2020;1329.9;1329.96;1336.68;1326.13;4.88;-0.0007
4.12.2020;1330.87;1331.62;1337.88;1326.2;5.3;0
3.12.2020;1330.85;1327.62;1335.77;1315.52;5.74;0.004
2.12.2020;1325.49;1326.76;1338.95;1318.39;4.57;0.0002
1.12.2020;1325.29;1302.25;1325.29;1287.62;4.61;0.0325
30.11.2020;1283.58;1314.43;1316.52;1283.58;5.12;-0.034
27.11.2020;1328.73;1348.47;1351.65;1324.72;5.61;-0.0102
26.11.2020;1342.49;1334.67;1343.93;1326.06;4.25;0.0128
25.11.2020;1325.47;1330.07;1341.91;1323.42;5.58;0.0034
24.11.2020;1320.98;1323.16;1334.26;1308.69;6.99;0.0051
23.11.2020;1314.25;1329.29;1336.14;1299.27;5.84;-0.0073
20.11.2020;1323.95;1315.69;1328.33;1315.59;4.81;0.0083
19.11.2020;1313.02;1293.73;1325.7;1277.69;9.46;0.0141
18.11.2020;1294.72;1264.06;1294.72;1264.06;6.31;0.0278
17.11.2020;1259.72;1291.65;1293.01;1259.69;4.56;-0.0257
16.11.2020;1292.99;1304.7;1309.98;1291.48;4.34;0.0013
13.11.2020;1291.29;1277.06;1292.83;1272.76;5.39;0.0154
12.11.2020;1271.75;1284.52;1303.81;1262.58;8.86;-0.0058
11.11.2020;1279.22;1249.87;1284.62;1248.43;8.66;0.0291
10.11.2020;1243;1226.73;1244.37;1218.83;5.13;0.0093
9.11.2020;1231.54;1214.42;1235.3;1211.16;5.96;0.0332
6.11.2020;1191.96;1180.49;1192.24;1177.05;4.68;0.0101
5.11.2020;1180.02;1172.77;1184.61;1165.83;4.97;0.0106
4.11.2020;1167.65;1155.48;1170.94;1154;4.69;0.0147
3.11.2020;1150.71;1138.6;1155.96;1122.64;4.44;0.0151
2.11.2020;1133.59;1119.72;1143.45;1117.68;5.57;0.0191
30.10.2020;1112.37;1120.85;1120.85;1095.72;6.6;-0.013
28.10.2020;1126.99;1150.1;1152.61;1126.99;2.52;-0.0222
27.10.2020;1152.63;1143.89;1157.87;1133.73;5.15;0.0071
26.10.2020;1144.45;1183.61;1183.61;1141.58;5.59;-0.0388
23.10.2020;1190.63;1200.38;1204.55;1179.46;4.4;-0.0064
22.10.2020;1198.32;1213.64;1216.03;1196.58;5.67;-0.0109
21.10.2020;1211.51;1220.88;1222.95;1209.31;4.13;0.0009
20.10.2020;1210.41;1208.24;1213.65;1202.35;4.24;0.0042
19.10.2020;1205.37;1195.46;1209.47;1195.46;4.24;0.0106
16.10.2020;1192.73;1184.97;1193.83;1183.08;3.95;0.0104
15.10.2020;1180.43;1188.41;1191.52;1175.2;4.41;-0.0074
14.10.2020;1189.29;1177.08;1189.66;1172.59;5.86;0.0124
13.10.2020;1174.7;1180.98;1181.57;1170.79;3.91;-0.0031
12.10.2020;1178.35;1169.16;1181.57;1169.12;4.25;0.0109
9.10.2020;1165.7;1152.78;1166.5;1150.97;3.66;0.0132
8.10.2020;1150.49;1156.74;1159.41;1143.33;3.16;-0.0017
7.10.2020;1152.41;1150.1;1156.88;1147.43;3.25;-0.0011
6.10.2020;1153.71;1165.12;1170.48;1153.71;3.71;-0.006
5.10.2020;1160.71;1150.79;1161.03;1150.79;2.54;0.0137
2.10.2020;1145.03;1138.91;1150.35;1137.55;3.45;0.0013
1.10.2020;1143.51;1150.07;1155.38;1142.77;3.51;-0.0015
30.09.2020;1145.24;1128.96;1146.73;1128.96;4.31;0.0196
29.09.2020;1123.25;1123.65;1132.27;1112.39;3.8;0.0019
28.09.2020;1121.17;1124.68;1130.68;1116.34;3.34;-0.0027
25.09.2020;1124.17;1129.03;1135.07;1123.76;3.99;0.0041
24.09.2020;1119.56;1098.88;1120.73;1097.01;4.09;0.0153
23.09.2020;1102.65;1101.04;1109.81;1098.82;2.99;0.0059
22.09.2020;1096.16;1088.67;1097.51;1084.93;2.92;0.0084
21.09.2020;1087.03;1111.82;1115.14;1085.73;3.29;-0.0224
18.09.2020;1111.96;1112.68;1115.82;1109.57;2.69;0.0012
17.09.2020;1110.66;1105.74;1110.66;1100.27;2.66;0.0032
16.09.2020;1107.11;1113.54;1116.57;1104.69;2.15;-0.0037
15.09.2020;1111.24;1110.55;1118.7;1096.65;3.42;0.0036
14.09.2020;1107.29;1105.31;1110.34;1103.41;3.09;0.0042
11.09.2020;1102.7;1100.75;1104.76;1096.79;2.84;0.0033
10.09.2020;1099.06;1101.01;1105.98;1093.58;4.1;-0.0006
9.09.2020;1099.68;1089.39;1099.81;1087.49;3.33;0.0093
8.09.2020;1089.6;1101.56;1102.8;1085.23;2.39;-0.0066
7.09.2020;1096.81;1089.54;1097.77;1089.54;2.27;0.0097
4.09.2020;1086.32;1075.57;1090.03;1072.8;2.59;0.0093
3.09.2020;1076.34;1085.88;1091.11;1074.34;2.35;-0.007
2.09.2020;1083.91;1086.09;1091.3;1079.83;2.61;-0.0012
1.09.2020;1085.19;1081.66;1086.29;1064.42;2.79;0.0061
31.08.2020;1078.61;1101.78;1102.38;1076.07;2.92;-0.0199
28.08.2020;1100.55;1112.88;1113.55;1094.84;2.91;-0.0076
27.08.2020;1108.93;1107.55;1111.6;1102.01;2.9;0.009
26.08.2020;1099.02;1090.1;1104.65;1085.99;3.17;0.0063
25.08.2020;1092.16;1114.05;1118.24;1083.14;3.13;-0.0147
24.08.2020;1108.44;1111.21;1118.11;1106.23;3.09;-0.0013
21.08.2020;1109.88;1132.9;1141.32;1106.71;5.66;-0.015
20.08.2020;1126.8;1124.97;1131.7;1113.93;4.22;0.0019
19.08.2020;1124.71;1099.41;1125.8;1099.41;4;0.0295
18.08.2020;1092.46;1087.75;1100.59;1084.47;2.63;0.0058
17.08.2020;1086.2;1085.52;1090.16;1077.29;2.79;0.0022
14.08.2020;1083.83;1093.52;1096.18;1077.32;3.14;-0.0149
13.08.2020;1100.26;1119.48;1125.92;1095.84;3.87;-0.0125
12.08.2020;1114.18;1114.9;1119.29;1096.46;4.62;0.0037
11.08.2020;1110.05;1082.24;1112.44;1082.24;4.7;0.0321
10.08.2020;1075.52;1055.58;1078.94;1039;3.8;0.0141
7.08.2020;1060.59;1030.33;1062.07;985.38;6.04;0.0253
6.08.2020;1034.4;1090.61;1093.68;1033.82;5.07;-0.0526
5.08.2020;1091.8;1095.29;1100.56;1066.13;4.57;0.0043
4.08.2020;1087.16;1140.39;1143.26;1064.91;4.29;-0.0353
30.07.2020;1126.9;1137.17;1137.17;1124.6;1.4;-0.0076
29.07.2020;1135.55;1156.04;1159.74;1120.96;4.35;-0.0149
28.07.2020;1152.7;1197.1;1198.16;1152.7;4.09;-0.0359
27.07.2020;1195.67;1199.57;1203.42;1194.35;2.73;0.0031
24.07.2020;1192.02;1185.01;1192.02;1182.21;3.17;0.0014
23.07.2020;1190.31;1187.14;1196.72;1185.85;3.51;0.0081
22.07.2020;1180.8;1188.16;1193.72;1175.36;5.16;0.0003
21.07.2020;1180.42;1201.71;1205.86;1171.6;4.74;-0.0104
20.07.2020;1192.81;1188.44;1197.47;1185.83;3.55;0.0042
17.07.2020;1187.86;1188.65;1191.61;1183.61;2.83;-0.0002
16.07.2020;1188.08;1187.35;1194.51;1186.85;3.86;0.0091
14.07.2020;1177.41;1181.14;1186.58;1170.02;5.17;-0.0056
13.07.2020;1183.99;1162.62;1183.99;1161.26;4.46;0.0313
10.07.2020;1148.09;1154.51;1154.51;1128.29;5.03;-0.0085
9.07.2020;1157.94;1193.49;1196.86;1156.34;5.27;-0.0246
8.07.2020;1187.13;1196.03;1202.03;1185.77;5.92;-0.0052
7.07.2020;1193.39;1187.92;1197.45;1170.75;7.67;0.0072
6.07.2020;1184.85;1166.74;1185.12;1166.74;4.54;0.0236
3.07.2020;1157.48;1173.16;1173.91;1153.12;4.56;-0.0099
2.07.2020;1169.08;1158.44;1171.78;1157.46;4.35;0.0138
1.07.2020;1153.15;1171.68;1173.58;1151.23;5.28;-0.0104
30.06.2020;1165.25;1164.26;1169.71;1161.47;5.39;0.0059
29.06.2020;1158.43;1147.76;1160.15;1144.32;3.74;0.0102
26.06.2020;1146.68;1151.17;1153.55;1143.89;3.09;0.0046
25.06.2020;1141.39;1143.92;1149.75;1134.2;3.64;-0.0027
24.06.2020;1144.49;1153.69;1156.27;1143.33;4.25;-0.0077
23.06.2020;1153.39;1156.17;1162.79;1150.6;4.7;0.0013
22.06.2020;1151.9;1147.01;1154.47;1142.67;4.31;0.0139
19.06.2020;1136.12;1135.61;1143.38;1128.58;4.89;0.0099
18.06.2020;1124.95;1111.17;1126.76;1111.17;4.05;0.014
17.06.2020;1109.4;1112.81;1116.15;1104.14;3.2;0
16.06.2020;1109.4;1108.15;1118.75;1107.06;3.73;0.0126
15.06.2020;1095.56;1093.93;1100.67;1087.16;2.98;-0.0025
12.06.2020;1098.35;1084.85;1101.27;1078.33;2.88;0.0062
11.06.2020;1091.55;1093.74;1101.58;1087.45;3.45;-0.0057
10.06.2020;1097.79;1096;1104.1;1093.92;3.51;0.005
9.06.2020;1092.37;1099.45;1103.3;1084.56;2.84;-0.0036
8.06.2020;1096.37;1103.32;1110.43;1092.48;2.52;-0.0035
5.06.2020;1100.22;1101.43;1106.02;1095.46;2;0.0044
4.06.2020;1095.37;1093.84;1098.53;1087.79;2.92;0.0039
3.06.2020;1091.11;1089.26;1092.31;1083.27;2.9;0.0094
2.06.2020;1080.97;1077.88;1084.84;1070.99;3.03;0.0077
1.06.2020;1072.66;1064.81;1073.72;1063.57;2.84;0.0165
29.05.2020;1055.2;1051.83;1056.69;1046.71;2.85;0.0015
28.05.2020;1053.6;1055.56;1062.92;1045.35;2.68;0.0039
27.05.2020;1049.54;1037.98;1054.95;1037.98;2.55;0.0187
22.05.2020;1030.24;1024.54;1033.07;1020.14;1.57;0.0037
21.05.2020;1026.49;1022.24;1032.27;1021.49;2.06;0.0048
20.05.2020;1021.58;1024.92;1029.98;1019.68;2.07;0.0017
18.05.2020;1019.83;1008.97;1022.25;1008.97;2.42;0.0222
15.05.2020;997.68;996.78;1008.13;996.78;1.88;0.0058
14.05.2020;991.93;1000.08;1003.81;984.94;2.33;-0.0096
13.05.2020;1001.59;997.05;1008.65;994.43;2.39;0.0055
12.05.2020;996.16;979.26;997.08;977.4;2.54;0.0187
11.05.2020;977.92;984.2;986.41;977.92;2.09;-0.0005
8.05.2020;978.45;989.03;995.14;976.72;2.6;-0.0056
7.05.2020;983.99;985.8;992.73;978;2.39;-0.0017
6.05.2020;985.71;988.86;992.8;980.69;2.28;-0.0017
