Date;Price;Open;High;Low;Change
6.05.2025;32.17;32.08;32.25;32.08;0.0034
5.05.2025;32.06;32;32.1;32;0.0072
2.05.2025;31.83;32.35;32.35;31.85;-0.0176
30.04.2025;32.4;32.75;32.77;32.43;-0.0098
29.04.2025;32.72;32.77;32.83;32.71;0.0018
28.04.2025;32.66;32.3;32.77;32.3;0.0159
25.04.2025;32.15;31.83;32.19;31.83;0.0104
24.04.2025;31.82;31.79;31.92;31.79;0.0025
22.04.2025;31.74;31.55;32.04;31.55;0.0073
21.04.2025;31.51;31.27;31.55;31.18;0.0057
18.04.2025;31.33;31.93;31.93;31.27;-0.0182
17.04.2025;31.91;32.48;32.48;31.91;-0.0169
16.04.2025;32.46;32.32;32.52;32.28;0.0059
15.04.2025;32.27;32.09;32.32;32.05;0.0075
14.04.2025;32.03;32.72;32.72;31.84;0.0133
11.04.2025;31.61;30.94;31.71;30.94;0.0246
10.04.2025;30.85;30.83;30.94;30.83;0.0036
9.04.2025;30.74;30.66;30.83;30.6;0.0102
8.04.2025;30.43;30.8;31.02;30.48;-0.0046
7.04.2025;30.57;31.01;31.01;30.67;0.0149
4.04.2025;30.12;30.47;30.47;30.09;-0.0056
3.04.2025;30.29;30.64;30.64;30.21;-0.0066
2.04.2025;30.49;30.64;30.64;30.47;-0.0231
28.03.2025;31.21;31.08;31.37;31.08;0.0084
27.03.2025;30.95;30.14;31.08;30.14;0.0289
26.03.2025;30.08;29.59;30.14;29.51;0.0323
25.03.2025;29.14;30.01;30.01;29.16;-0.0499
24.03.2025;30.67;31.46;31.54;30.71;-0.0087
21.03.2025;30.94;28.92;31.07;28.67;0.064
20.03.2025;29.08;28.76;29.5;28.6;0.0125
19.03.2025;28.72;26.88;28.76;26.88;0.0879
18.03.2025;26.4;26.43;26.83;26.36;0.0004
17.03.2025;26.39;26.25;26.42;26.25;0.0069
14.03.2025;26.21;26.1;26.27;26.1;0.0046
13.03.2025;26.09;26.08;26.11;26.08;0.0019
12.03.2025;26.04;25.94;26.19;25.94;0.0054
11.03.2025;25.9;25.94;26.01;25.92;-0.0008
10.03.2025;25.92;25.86;26;25.86;0.0058
7.03.2025;25.77;25.81;25.81;25.78;-0.0031
6.03.2025;25.85;25.86;25.86;25.78;0
5.03.2025;25.85;25.9;26.01;25.83;-0.0008
4.03.2025;25.87;25.75;26.01;25.75;0.0051
3.03.2025;25.74;25.8;25.8;25.74;-0.0073
28.02.2025;25.93;26.14;26.21;25.82;-0.0042
27.02.2025;26.04;26.16;26.17;25.94;-0.0038
26.02.2025;26.14;26.24;26.24;26.14;-0.0019
25.02.2025;26.19;26.13;26.28;26.11;0.0023
24.02.2025;26.13;26.21;26.29;26.13;-0.0099
21.02.2025;26.39;26;26.46;26;0.017
20.02.2025;25.95;26.04;26.07;25.93;-0.0019
19.02.2025;26;26.07;26.14;25.8;-0.0012
18.02.2025;26.03;26.48;26.48;25.93;-0.0129
17.02.2025;26.37;26.34;26.4;26.34;0.0038
14.02.2025;26.27;26.45;26.45;26.18;-0.0064
13.02.2025;26.44;26.79;26.82;26.41;-0.0116
12.02.2025;26.75;26.74;26.85;26.69;0.0022
11.02.2025;26.69;26.41;26.91;26.34;0.0175
10.02.2025;26.23;26.06;26.48;26.04;0.0104
7.02.2025;25.96;25.93;26.15;25.93;0
6.02.2025;25.96;26.17;26.2;25.93;-0.0073
5.02.2025;26.15;25.93;26.27;25.91;0.0093
4.02.2025;25.91;25.95;25.95;25.8;-0.0008
3.02.2025;25.93;25.46;25.99;25.43;0.0322
31.01.2025;25.12;25.33;25.58;25.12;-0.0075
30.01.2025;25.31;25.66;25.79;25.2;-0.0133
29.01.2025;25.65;25.44;25.79;25.44;0.009
28.01.2025;25.42;25.52;25.66;25.39;-0.0031
27.01.2025;25.5;25.07;25.66;25;0.0143
24.01.2025;25.14;25.38;25.38;25.05;-0.013
23.01.2025;25.47;25.82;25.82;25.45;-0.0128
22.01.2025;25.8;25.67;25.84;25.6;0.0055
21.01.2025;25.66;26.01;26.01;25.66;-0.0119
20.01.2025;25.97;26.06;26.12;25.98;-0.008
17.01.2025;26.18;26.32;26.32;26.2;-0.0083
16.01.2025;26.4;26.43;26.53;26.31;-0.0034
15.01.2025;26.49;26.43;26.62;26.43;0.0026
14.01.2025;26.42;26.48;26.48;26.39;0.0004
13.01.2025;26.41;26.48;26.6;26.41;0.0023
10.01.2025;26.35;26.53;26.53;26.36;-0.0064
9.01.2025;26.52;26.67;26.81;26.53;-0.0056
8.01.2025;26.67;26.79;26.87;26.67;-0.0041
7.01.2025;26.78;26.76;26.9;26.76;0.0015
6.01.2025;26.74;26.76;26.83;26.73;-0.0019
3.01.2025;26.79;26.84;27.04;26.7;-0.0019
2.01.2025;26.84;27.19;27.19;26.84;-0.0114
31.12.2024;27.15;27.48;27.63;27.19;-0.012
30.12.2024;27.48;27.45;27.48;27.44;0.0037
27.12.2024;27.38;27.54;27.54;27.43;-0.0054
26.12.2024;27.53;27.71;27.71;27.56;-0.0061
25.12.2024;27.7;28.32;28.32;27.71;-0.026
24.12.2024;28.44;28.43;28.56;28.43;0.0021
23.12.2024;28.38;28.37;28.43;28.37;0.006
20.12.2024;28.21;28.32;28.37;28.17;-0.0025
19.12.2024;28.28;28.12;28.56;28.12;0.006
18.12.2024;28.11;28.09;28.24;27.91;0.0011
17.12.2024;28.08;28.53;28.69;28.1;-0.012
16.12.2024;28.42;28.48;28.49;28.39;0.0032
13.12.2024;28.33;28.48;28.48;28.34;-0.0039
12.12.2024;28.44;28.47;28.56;28.42;0.0018
11.12.2024;28.39;28.33;28.53;28.28;-0.0007
10.12.2024;28.41;27.99;28.45;27.99;0.0161
9.12.2024;27.96;27.94;27.99;27.94;0.0065
6.12.2024;27.78;27.94;27.94;27.79;-0.0043
5.12.2024;27.9;27.72;28.13;27.72;0.0079
4.12.2024;27.68;27.51;28.25;27.51;0.0069
3.12.2024;27.49;27.67;27.7;27.45;-0.004
2.12.2024;27.6;27.54;27.64;27.5;0.0091
29.11.2024;27.35;27.41;27.41;27.38;-0.0026
28.11.2024;27.42;27.44;27.5;27.41;0.0004
27.11.2024;27.41;27.65;27.65;27.44;-0.0054
26.11.2024;27.56;27.65;27.77;27.53;-0.0014
25.11.2024;27.6;27.65;27.65;27.38;-0.0004
22.11.2024;27.61;28.11;28.11;27.63;-0.0164
21.11.2024;28.07;28.26;28.45;28.03;-0.0046
20.11.2024;28.2;28.45;28.45;28.23;-0.0067
19.11.2024;28.39;28.26;28.45;28.26;0.0075
18.11.2024;28.18;28.19;28.26;28.19;0.0025
15.11.2024;28.11;28.11;28.2;27.96;0.0011
14.11.2024;28.08;28.01;28.11;28.01;0.0036
13.11.2024;27.98;28.16;28.21;27.96;-0.0057
12.11.2024;28.14;28.27;28.27;28.08;0.0029
11.11.2024;28.06;27.89;28.21;27.89;0.0032
8.11.2024;27.97;28.43;28.43;27.95;-0.0196
7.11.2024;28.53;29.03;29.03;28.52;-0.0111
6.11.2024;28.85;29.05;29.23;28.84;-0.0062
5.11.2024;29.03;28.87;29.07;28.87;0.0059
4.11.2024;28.86;28.59;28.91;28.59;0.0116
1.11.2024;28.53;28.59;28.59;28.56;0.0025
31.10.2024;28.46;28.55;28.55;28.39;-0.0007
30.10.2024;28.48;28.28;28.53;28.28;0.0071
28.10.2024;28.28;28.28;28.28;28.28;0
25.10.2024;28.28;28.19;28.41;28.13;0.0035
24.10.2024;28.18;28.1;28.18;28.1;0.0028
23.10.2024;28.1;27.97;28.23;27.89;0.0043
22.10.2024;27.98;27.91;27.98;27.9;0.0025
21.10.2024;27.91;27.8;28.03;27.74;0.005
18.10.2024;27.77;27.6;27.9;27.57;0.0183
9.10.2024;27.27;27.66;27.72;27.27;-0.0141
8.10.2024;27.66;28.03;28.03;27.55;-0.0132
7.10.2024;28.03;27.98;28.05;27.92;0.0083
4.10.2024;27.8;27.72;27.88;27.72;0.0029
3.10.2024;27.72;27.2;27.72;27.2;0.0191
2.10.2024;27.2;27.07;27.21;27.05;0.0037
1.10.2024;27.1;26.52;27.15;26.52;0.0176
30.09.2024;26.63;26.67;26.67;26.6;-0.0034
27.09.2024;26.72;26.76;26.76;26.71;-0.0041
26.09.2024;26.83;27.08;27.08;26.62;0.009
25.09.2024;26.59;26.49;26.59;26.49;0.0038
24.09.2024;26.49;26.48;26.54;26.41;0.0004
23.09.2024;26.48;26.77;26.77;26.38;-0.0064
20.09.2024;26.65;26.74;26.74;26.62;-0.0034
19.09.2024;26.74;27.07;27.07;26.68;-0.0122
18.09.2024;27.07;27.13;27.18;27.02;-0.0022
17.09.2024;27.13;27.4;27.57;27.1;-0.0099
16.09.2024;27.4;27.07;27.5;27.05;0.0159
13.09.2024;26.97;26.95;27.06;26.95;0.0007
12.09.2024;26.95;26.88;26.97;26.88;0.0026
11.09.2024;26.88;27.06;27.06;26.88;-0.0067
10.09.2024;27.06;26.97;27.06;26.77;0.0033
9.09.2024;26.97;27.06;27.11;26.97;-0.0007
6.09.2024;26.99;27.06;27.12;26.98;0.0007
5.09.2024;26.97;27;27;26.9;-0.0011
4.09.2024;27;27.1;27.1;26.98;0.0109
3.09.2024;26.71;26.47;26.75;26.47;0.0075
2.09.2024;26.51;26.58;26.61;26.51;-0.0082
29.08.2024;26.73;26.72;26.78;26.7;0.0004
28.08.2024;26.72;26.67;26.78;26.67;0.0019
27.08.2024;26.67;26.58;26.69;26.58;0.0034
26.08.2024;26.58;26.54;26.63;26.51;0.0011
23.08.2024;26.55;26.58;26.58;26.52;-0.0019
22.08.2024;26.6;26.83;26.89;26.59;-0.0064
21.08.2024;26.77;26.86;26.98;26.76;-0.0026
20.08.2024;26.84;26.92;26.98;26.68;-0.0037
19.08.2024;26.94;26.97;26.97;26.93;0.0011
16.08.2024;26.91;27.01;27.01;26.91;-0.0026
15.08.2024;26.98;26.92;27.04;26.92;0.0022
14.08.2024;26.92;26.78;26.94;26.78;0.003
13.08.2024;26.84;26.57;26.89;26.57;0.0102
12.08.2024;26.57;26.59;26.59;26.54;-0.0008
9.08.2024;26.59;26.59;26.81;26.57;0
8.08.2024;26.59;26.43;26.74;26.43;0.0057
7.08.2024;26.44;26.81;26.81;26.38;-0.0138
6.08.2024;26.81;26.5;26.83;26.33;0.0125
5.08.2024;26.48;26.32;26.56;26.14;0.0169
2.08.2024;26.04;26.2;26.2;26.02;-0.0038
1.08.2024;26.14;26.58;26.61;26.14;-0.0166
31.07.2024;26.58;26.73;26.73;26.58;0.0042
30.07.2024;26.47;26.48;26.48;26.46;-0.0004
29.07.2024;26.48;26.33;26.49;26.33;0.0061
26.07.2024;26.32;26.43;26.49;26.31;-0.0042
25.07.2024;26.43;26.26;26.43;26.26;0.0065
24.07.2024;26.26;26.45;26.45;26.17;0.005
23.07.2024;26.13;26.32;26.49;26.03;-0.0072
22.07.2024;26.32;26.32;26.36;26.31;0.0019
19.07.2024;26.27;26.35;26.35;26.26;0.0015
18.07.2024;26.23;26.21;26.26;26.21;0.0008
17.07.2024;26.21;26.43;26.43;26.14;0.0019
16.07.2024;26.16;26.1;26.29;26.1;0.0069
12.07.2024;25.98;25.98;26.01;25.96;0
11.07.2024;25.98;26.09;26.23;25.97;-0.0042
10.07.2024;26.09;25.86;26.58;25.85;0.0073
9.07.2024;25.9;25.63;25.97;25.59;0.0105
8.07.2024;25.63;25.71;25.71;25.5;-0.0016
5.07.2024;25.67;25.53;25.74;25.53;0.0055
4.07.2024;25.53;25.74;25.74;25.46;-0.0082
3.07.2024;25.74;26.48;26.48;25.71;-0.0209
2.07.2024;26.29;26.4;26.67;26.27;-0.0042
1.07.2024;26.4;26.55;26.55;26.38;-0.0045
28.06.2024;26.52;26.81;26.88;26.52;-0.0108
27.06.2024;26.81;26.87;26.87;26.79;-0.0022
26.06.2024;26.87;27.03;27.03;26.79;-0.0041
25.06.2024;26.98;26.98;27.08;26.9;0.0045
24.06.2024;26.86;26.86;26.88;26.8;-0.0037
21.06.2024;26.96;27.35;27.35;26.96;-0.007
20.06.2024;27.15;27.19;27.3;27.04;0.0131
14.06.2024;26.8;26.81;26.94;26.78;-0.0004
13.06.2024;26.81;26.69;26.86;26.69;0.0037
12.06.2024;26.71;26.74;26.77;26.69;0.0004
11.06.2024;26.7;26.37;26.7;26.37;0.0125
10.06.2024;26.37;26.37;26.4;26.36;0.0057
7.06.2024;26.22;26.07;26.27;26.07;0.0058
6.06.2024;26.07;25.95;26.15;25.95;0.0023
5.06.2024;26.01;25.98;26.24;25.84;0.0012
4.06.2024;25.98;25.82;25.98;25.77;0.0062
3.06.2024;25.82;26.16;26.16;25.78;-0.005
31.05.2024;25.95;26.39;26.45;25.94;-0.0163
30.05.2024;26.38;26.38;26.41;26.3;0.0073
29.05.2024;26.19;26.16;26.22;26.14;0.0061
28.05.2024;26.03;26.09;26.09;26.01;-0.0023
27.05.2024;26.09;26.15;26.15;26.06;-0.0015
24.05.2024;26.13;26.05;26.17;26.05;-0.0031
23.05.2024;26.21;25.89;26.21;25.89;0.0124
22.05.2024;25.89;25.65;25.96;25.65;0.0074
21.05.2024;25.7;25.96;25.96;25.62;-0.01
20.05.2024;25.96;25.96;26.03;25.96;0.0008
17.05.2024;25.94;25.97;26.1;25.94;-0.0012
16.05.2024;25.97;25.73;26.02;25.73;0.0093
15.05.2024;25.73;25.61;25.99;25.61;0.0047
14.05.2024;25.61;25.77;25.77;25.6;-0.0074
13.05.2024;25.8;25.6;25.96;25.6;0.0082
10.05.2024;25.59;25.86;25.86;25.51;-0.0104
9.05.2024;25.86;26.65;26.65;25.8;-0.0256
8.05.2024;26.54;26.94;26.94;26.47;-0.0052
7.05.2024;26.68;27.12;27.22;26.56;-0.0162
6.05.2024;27.12;27.19;27.22;27.1;0.0011
3.05.2024;27.09;27.1;27.15;27.08;0.0011
2.05.2024;27.06;26.92;27.07;26.92;0.0192
30.04.2024;26.55;26.27;26.55;26.24;0.0118
29.04.2024;26.24;26.38;26.38;26.18;-0.0057
26.04.2024;26.39;26.38;26.48;26.33;-0.0019
25.04.2024;26.44;27.12;27.12;26.24;-0.0218
24.04.2024;27.03;27.14;27.33;27.02;-0.0004
22.04.2024;27.04;26.78;27.15;26.75;0.0146
19.04.2024;26.65;26.56;26.73;26.56;0.0034
18.04.2024;26.56;26.27;26.59;26.27;0.011
17.04.2024;26.27;25.91;26.33;25.83;0.0182
16.04.2024;25.8;25.6;26.2;25.56;0.009
15.04.2024;25.57;25.56;25.57;25.49;-0.002
9.04.2024;25.62;25.62;25.62;25.59;0
8.04.2024;25.62;25.62;25.83;25.56;0.0114
5.04.2024;25.33;25.2;25.34;25.2;0.0084
4.04.2024;25.12;24.8;25.34;24.8;0.0141
3.04.2024;24.77;24.68;24.8;24.58;0.0032
2.04.2024;24.69;24.85;24.85;24.66;-0.0064
1.04.2024;24.85;25.14;25.14;24.83;-0.0155
29.03.2024;25.24;25.13;25.34;25.11;0.0044
28.03.2024;25.13;25.19;25.2;25.12;0
27.03.2024;25.13;25.33;25.33;25.13;-0.0079
26.03.2024;25.33;25.06;25.4;25;0.0108
25.03.2024;25.06;25.06;25.06;24.95;0.0056
22.03.2024;24.92;24.79;24.92;24.75;0.0065
21.03.2024;24.76;25.49;25.49;24.52;-0.0271
20.03.2024;25.45;25.41;25.88;25.39;0.0016
19.03.2024;25.41;25.46;25.46;25.27;0
18.03.2024;25.41;25.39;25.49;25.39;0.0008
15.03.2024;25.39;25.32;25.6;25.32;0.0028
14.03.2024;25.32;25.32;25.46;25.3;0.0004
13.03.2024;25.31;25.34;25.36;25.29;-0.0024
12.03.2024;25.37;25.89;25.89;25.32;-0.0197
11.03.2024;25.88;26.45;26.45;25.85;-0.0175
8.03.2024;26.34;26.45;26.45;26.23;0.003
7.03.2024;26.26;26.19;26.45;26.1;0.0027
6.03.2024;26.19;26.74;26.74;26.19;-0.0165
5.03.2024;26.63;26.19;26.74;26.19;0.0168
4.03.2024;26.19;25.73;26.19;25.73;0.0207
1.03.2024;25.66;25.31;25.87;25.31;0.0158
29.02.2024;25.26;25.27;25.31;25.16;-0.0004
28.02.2024;25.27;25.38;25.38;25.27;-0.0004
27.02.2024;25.28;25.26;25.38;25.26;0.0008
26.02.2024;25.26;25.31;25.59;25.22;0.0052
23.02.2024;25.13;25.11;25.24;25.01;0.048
22.02.2024;23.98;24.24;24.39;23.95;-0.0017
21.02.2024;24.02;23.85;24.05;23.85;0.0191
20.02.2024;23.57;23.53;23.72;23.52;0.0017
19.02.2024;23.53;23.88;23.88;23.23;-0.0122
16.02.2024;23.82;23.87;24.05;23.8;-0.0013
15.02.2024;23.85;23.87;23.95;23.82;0
14.02.2024;23.85;23.91;23.91;23.84;-0.0079
13.02.2024;24.04;23.92;24.05;23.72;0.008
12.02.2024;23.85;24.48;24.48;23.72;-0.0221
9.02.2024;24.39;24.39;24.39;24.29;0.0033
8.02.2024;24.31;24.27;24.39;24.24;0.0016
7.02.2024;24.27;24.02;24.32;23.95;0.0104
6.02.2024;24.02;24.92;24.92;23.82;-0.0318
5.02.2024;24.81;24.95;24.95;24.77;-0.002
2.02.2024;24.86;24.76;24.92;24.62;0.0036
1.02.2024;24.77;25.1;25.1;24.75;-0.0131
31.01.2024;25.1;25.13;25.17;24.95;-0.0012
30.01.2024;25.13;25.19;25.19;25.13;-0.0024
29.01.2024;25.19;25.28;25.28;25.01;0
26.01.2024;25.19;24.95;25.24;24.92;0.0096
25.01.2024;24.95;24.67;25.03;24.53;0.0093
24.01.2024;24.72;24.87;25.1;24.69;-0.006
23.01.2024;24.87;25.06;25.1;24.78;-0.0076
22.01.2024;25.06;24.93;25.11;24.74;0.0072
19.01.2024;24.88;24.73;24.95;24.66;0.0089
18.01.2024;24.66;24.91;24.91;24.63;-0.0056
17.01.2024;24.8;24.98;24.98;24.79;0.0008
16.01.2024;24.78;24.96;24.96;24.68;0.0028
15.01.2024;24.71;24.89;24.89;24.5;0.0165
12.01.2024;24.31;24.46;24.46;24.31;-0.0029
11.01.2024;24.38;24.29;24.51;24.19;0.0278
10.01.2024;23.72;24.24;24.24;23.7;-0.0267
9.01.2024;24.37;24.25;24.44;24.25;0
8.01.2024;24.37;25.8;25.8;24.37;-0.0432
5.01.2024;25.47;25.39;25.49;25.39;0.0103
4.01.2024;25.21;25.2;25.25;25.06;0.0174
3.01.2024;24.78;24.71;24.8;24.68;0.0198
2.01.2024;24.3;24.02;24.3;23.99;0.0257
29.12.2023;23.69;23.56;23.69;23.56;0.0051
28.12.2023;23.57;23.36;23.61;23.36;0.0199
27.12.2023;23.11;23.09;23.11;23.04;0.0017
26.12.2023;23.07;23.11;23.11;23.04;0
25.12.2023;23.07;23.07;23.07;23;0.0026
22.12.2023;23.01;23.12;23.12;22.98;-0.0052
21.12.2023;23.13;22.59;23.29;22.59;0.0253
20.12.2023;22.56;22.56;22.56;22.51;-0.0018
19.12.2023;22.6;22.6;22.6;22.51;0.0067
18.12.2023;22.45;22.51;22.51;22.45;-0.0053
15.12.2023;22.57;22.52;22.94;22.52;-0.0131
14.12.2023;22.87;22.91;22.91;22.87;-0.0172
13.12.2023;23.27;23.35;23.38;23.25;-0.0136
12.12.2023;23.59;23.83;23.83;23.47;-0.0101
11.12.2023;23.83;24.17;24.17;23.7;-0.0145
8.12.2023;24.18;23.8;24.23;23.8;0.0147
7.12.2023;23.83;23.28;23.83;23.28;0.0236
6.12.2023;23.28;22.96;23.34;22.96;0.0126
5.12.2023;22.99;22.91;23.42;22.8;-0.0095
4.12.2023;23.21;24.06;24.06;23.21;-0.0353
1.12.2023;24.06;24.36;24.36;23.24;-0.0087
30.11.2023;24.27;24.9;24.95;24.24;-0.0534
29.11.2023;25.64;25.75;25.75;25.64;-0.0255
28.11.2023;26.31;26.62;26.62;26.28;-0.0116
27.11.2023;26.62;26.68;26.68;26.62;-0.003
24.11.2023;26.7;27.02;27.02;26.66;-0.0082
23.11.2023;26.92;27.06;27.06;26.6;-0.0037
22.11.2023;27.02;26.98;27.3;26.98;0.003
21.11.2023;26.94;26.85;27.09;26.85;0.0041
20.11.2023;26.83;26.69;27.09;26.69;0.0125
17.11.2023;26.5;26.57;26.57;26.49;-0.0011
16.11.2023;26.53;26.75;26.77;26.53;-0.0075
15.11.2023;26.73;27.09;27.09;26.69;-0.0111
14.11.2023;27.03;27.21;27.21;27.03;-0.0052
13.11.2023;27.17;27.37;27.45;27.17;0.0082
10.11.2023;26.95;26.68;26.99;26.68;0.0101
9.11.2023;26.68;26.68;26.68;26.68;0
8.11.2023;26.68;26.96;26.96;26.58;0.0015
7.11.2023;26.64;27.08;27.16;26.45;-0.0075
6.11.2023;26.84;26.72;26.9;26.68;0.0068
3.11.2023;26.66;26.88;26.88;26.6;-0.0037
2.11.2023;26.76;26.87;26.88;26.58;0.0098
1.11.2023;26.5;26.36;26.6;26.29;0.0049
31.10.2023;26.37;26.48;26.48;26.37;-0.0026
30.10.2023;26.44;26.81;26.81;26.4;-0.0053
27.10.2023;26.58;27.27;27.27;26.56;0.0282
26.10.2023;25.85;25.9;25.98;25.83;-0.0019
25.10.2023;25.9;25.98;26;25.88;-0.0031
24.10.2023;25.98;26.09;26.09;25.82;-0.0027
23.10.2023;26.05;26.16;26.16;25.97;-0.0042
20.10.2023;26.16;26.35;26.35;26.16;-0.0095
19.10.2023;26.41;26.43;26.51;26.41;0.0023
18.10.2023;26.35;26.08;26.35;26.08;0.0131
17.10.2023;26.01;25.99;26.12;25.86;0.0039
16.10.2023;25.91;25.73;25.91;25.71;0.0101
13.10.2023;25.65;25.67;25.67;25.6;0.0016
12.10.2023;25.61;25.48;25.71;25.48;0.0051
11.10.2023;25.48;25.39;25.52;25.39;0.002
10.10.2023;25.43;25.7;25.7;25.39;0.0008
9.10.2023;25.41;25.52;25.52;25.34;0.0099
6.10.2023;25.16;25.16;25.16;25.16;0
5.10.2023;25.16;25.07;25.34;25.07;0.0096
4.10.2023;24.92;25.24;25.24;24.89;-0.0008
3.10.2023;24.94;25.48;25.48;24.89;-0.0227
2.10.2023;25.52;25.7;25.79;25.52;0
29.09.2023;25.52;25.98;26.27;25.52;-0.046
28.09.2023;26.75;26.07;26.85;25.75;0.038
27.09.2023;25.77;25.7;25.79;25.42;0.0138
26.09.2023;25.42;24.8;25.51;24.8;0.0287
25.09.2023;24.71;24.62;24.71;24.49;0.0065
22.09.2023;24.55;24.28;25.88;24.28;0.0132
21.09.2023;24.23;24.62;24.62;24.23;-0.0194
20.09.2023;24.71;25.33;25.33;24.71;0.0395
19.09.2023;23.77;25.71;25.71;23.77;0
18.09.2023;23.77;23.76;24.23;23.76;0.0197
14.09.2023;23.31;22.45;24.22;22.45;0.0576
13.09.2023;22.04;23.98;23.98;22.04;0.0421
11.09.2023;21.15;21.15;21.15;21.15;-0.0217
7.09.2023;21.62;22.02;22.02;20.13;0.1718
31.08.2023;18.45;18.45;18.45;18.45;0
29.08.2023;18.45;19.09;19.09;18.45;-0.0123
28.08.2023;18.68;18.68;18.68;18.68;0.0016
25.08.2023;18.65;18.65;18.65;18.65;-0.0225
24.08.2023;19.08;18.44;19.08;18.28;0.0347
23.08.2023;18.44;18.44;18.44;18.13;0.0171
22.08.2023;18.13;18.2;18.28;18.05;-0.0125
21.08.2023;18.36;18.44;18.44;18.36;-0.0038
18.08.2023;18.43;18.43;18.43;18.28;0
17.08.2023;18.43;18.43;18.43;18.43;0
16.08.2023;18.43;18.43;18.43;18.43;-0.0086
15.08.2023;18.59;18.27;18.59;18.27;0.0175
14.08.2023;18.27;17.66;20.09;17.66;0.0345
11.08.2023;17.66;17.66;17.66;17.66;-0.0084
10.08.2023;17.81;17.81;17.81;17.81;0.0045
9.08.2023;17.73;17.8;17.8;17.73;-0.021
8.08.2023;18.11;18.74;19.06;18.11;0.0261
7.08.2023;17.65;17.8;17.8;17.65;-0.0045
4.08.2023;17.73;18.1;18.1;17.73;-0.0123
3.08.2023;17.95;18.02;18.02;17.8;-0.0039
2.08.2023;18.02;18.1;18.1;17.8;0.0006
1.08.2023;18.01;18.01;18.01;18.01;-0.0217
31.07.2023;18.41;18.41;18.41;18.41;-0.0166
28.07.2023;18.72;17.94;18.72;17.86;0.0348
27.07.2023;18.09;17.64;18.09;17.49;0.0255
26.07.2023;17.64;17.64;17.79;17.64;0.0046
25.07.2023;17.56;18.09;18.09;17.55;-0.0212
24.07.2023;17.94;19.04;19.04;17.78;-0.0083
21.07.2023;18.09;18.39;18.39;18.09;-0.0082
20.07.2023;18.24;17.78;18.39;17.78;0.0259
19.07.2023;17.78;17.78;17.78;17.63;0.0085
18.07.2023;17.63;16.98;17.78;16.98;0.0383
17.07.2023;16.98;16.98;16.98;16.98;-0.0122
14.07.2023;17.19;16.49;17.19;16.49;0.0514
13.07.2023;16.35;16.63;16.63;16.35;-0.0168
12.07.2023;16.63;16.63;16.63;16.63;0.0171
11.07.2023;16.35;16.35;16.35;16.35;0.008
10.07.2023;16.22;15.95;16.22;15.95;0
7.07.2023;16.22;16.28;16.28;16.21;-0.0037
6.07.2023;16.28;16.08;16.28;16.08;0.0124
5.07.2023;16.08;16.21;16.21;16.08;0.0044
4.07.2023;16.01;15.95;16.01;15.95;-0.0044
3.07.2023;16.08;16.21;16.21;16.01;-0.0159
27.06.2023;16.34;16.21;16.34;16.21;0.008
26.06.2023;16.21;16.27;16.27;16.21;0.0253
23.06.2023;15.81;16.14;16.14;15.81;-0.0259
22.06.2023;16.23;16.44;16.61;16.14;-0.0128
21.06.2023;16.44;16.61;16.61;16.4;-0.0179
20.06.2023;16.74;17.16;17.16;16.61;-0.0245
19.06.2023;17.16;17.16;17.16;17.16;0.0166
16.06.2023;16.88;16.88;16.88;16.82;0.0012
15.06.2023;16.86;17.22;17.23;16.85;-0.0135
14.06.2023;17.09;17.74;17.74;17.09;-0.0133
13.06.2023;17.32;16.06;18.66;16.06;0.0785
12.06.2023;16.06;15.05;16.88;14.93;0.0328
9.06.2023;15.55;15.05;15.55;15.05;0.05
8.06.2023;14.81;14.81;14.81;14.81;0.0165
7.06.2023;14.57;15.29;15.54;14.57;0.0415
6.06.2023;13.99;13.44;13.99;13.44;0.0409
5.06.2023;13.44;13.02;17.15;13.02;0.1007
2.06.2023;12.21;14.45;14.45;11.36;0.1935
1.06.2023;10.23;10.23;10.23;10.23;0
31.05.2023;10.23;10.23;10.23;10.23;0
30.05.2023;10.23;10.74;10.74;10.23;0.1417
29.05.2023;8.96;9.04;9.04;8.96;-0.0088
26.05.2023;9.04;9.04;9.04;9.04;0.0169
25.05.2023;8.89;8.89;8.89;8.89;0.0023
23.05.2023;8.87;8.81;8.9;8.81;0.0068
22.05.2023;8.81;8.67;8.81;8.67;-0.0496
18.05.2023;9.27;9.12;9.27;9.12;0.0164
17.05.2023;9.12;9.12;9.12;9.12;-0.0637
16.05.2023;9.74;12.81;12.81;9.62;-0.2397
15.05.2023;12.81;13.22;13.22;12.81;-0.0915
12.05.2023;14.1;17.42;17.42;13.44;-0.1065
11.05.2023;15.78;14.79;16.99;14.79;0.0669
9.05.2023;14.79;13.22;16.85;13.22;0.1637
5.05.2023;12.71;12.81;12.81;12.11;0.0663
4.05.2023;11.92;12.6;12.6;11.92;-0.054
3.05.2023;12.6;12.91;12.91;12.6;-0.024
2.05.2023;12.91;13.01;13.98;12.48;0.0246
28.04.2023;12.6;12.5;14.32;12.5;-0.0469
27.04.2023;13.22;11.93;14.09;11.93;0.1081
26.04.2023;11.93;12.6;12.6;11.93;-0.0532
25.04.2023;12.6;11.92;12.6;11.73;0.057
24.04.2023;11.92;12.01;12.01;11.73;0
20.04.2023;11.92;11.92;11.92;11.92;0.0042
19.04.2023;11.87;12.01;12.11;11.78;-0.0075
18.04.2023;11.96;12.11;12.11;11.96;-0.0042
17.04.2023;12.01;12.11;12.11;11.92;0
14.04.2023;12.01;11.97;12.6;11.96;-0.0543
13.04.2023;12.7;12.8;12.8;12.3;-0.0078
12.04.2023;12.8;12.15;13.32;12.05;0.0614
11.04.2023;12.06;11.82;12.2;11.82;0.029
10.04.2023;11.72;12.2;12.2;11.72;0.0399
7.04.2023;11.27;11.27;11.27;10.07;0
6.04.2023;11.27;10.07;11.27;10.07;0.1192
5.04.2023;10.07;10.07;10.07;9.91;-0.0156
4.04.2023;10.23;10.23;10.23;9.97;0
3.04.2023;10.23;10.31;10.4;10.19;-0.0078
31.03.2023;10.31;10.52;10.52;10.31;0
30.03.2023;10.31;10.61;10.61;10.31;-0.0283
29.03.2023;10.61;10.87;10.87;10.57;-0.0275
28.03.2023;10.91;11.74;11.81;10.91;-0.0707
27.03.2023;11.74;11.63;11.81;11.63;-0.0143
24.03.2023;11.91;11.91;11.91;11.91;0
23.03.2023;11.91;12;12;11.91;0.0042
22.03.2023;11.86;11.72;11.95;11.72;0.0042
21.03.2023;11.81;11.58;11.81;11.58;0.0199
20.03.2023;11.58;11.62;11.63;11.44;0.0432
17.03.2023;11.1;11.1;11.1;11.1;0.0018
16.03.2023;11.08;10.99;11.08;10.99;0.0082
15.03.2023;10.99;11.08;11.08;10.82;0
14.03.2023;10.99;10.95;11.08;10.95;0.0037
13.03.2023;10.95;11.35;11.35;10.85;-0.0369
10.03.2023;11.37;11.55;11.55;11.32;-0.0122
9.03.2023;11.51;11.53;11.53;11.51;-0.0017
8.03.2023;11.53;11.58;11.58;11.51;0
7.03.2023;11.53;11.62;11.81;11.5;-0.0077
6.03.2023;11.62;11.26;12.19;11.26;0.0357
3.03.2023;11.22;10.65;11.26;10.65;0.0625
2.03.2023;10.56;10.4;10.56;10.4;0.0154
1.03.2023;10.4;10.07;10.4;10.07;0.041
28.02.2023;9.99;10.27;10.31;9.91;-0.0273
27.02.2023;10.27;10.23;10.27;10.23;0.0039
24.02.2023;10.23;10.23;10.23;10.23;0
23.02.2023;10.23;10.3;10.56;10.23;-0.0068
22.02.2023;10.3;10.4;10.4;10.23;0.0098
21.02.2023;10.2;10.23;10.23;10.2;-0.0145
20.02.2023;10.35;10.39;10.56;10.35;-0.0143
17.02.2023;10.5;10.73;10.73;10.39;-0.0178
16.02.2023;10.69;10.99;10.99;10.67;-0.0273
15.02.2023;10.99;11.21;11.21;10.99;-0.0196
14.02.2023;11.21;11.08;11.43;11.08;0.0117
13.02.2023;11.08;11.01;11.1;11.01;0.0045
10.02.2023;11.03;11.08;11.08;11.02;-0.0045
9.02.2023;11.08;11.12;11.16;11.02;-0.0036
8.02.2023;11.12;11.43;11.43;11.12;-0.0237
7.02.2023;11.39;10.77;11.43;10.77;0.0576
6.02.2023;10.77;10.82;10.82;10.66;0.0113
3.02.2023;10.65;10.56;10.67;10.48;0.0124
2.02.2023;10.52;10.56;10.56;10.52;0
1.02.2023;10.52;10.46;10.52;10.46;0
31.01.2023;10.52;10.35;10.52;10.35;0.0164
30.01.2023;10.35;9.75;10.39;9.75;0.0117
27.01.2023;10.23;10.13;10.23;10.13;0.0109
26.01.2023;10.12;10.15;10.39;10.03;0.0202
25.01.2023;9.92;9.87;10.03;9.84;0.0061
24.01.2023;9.86;9.94;9.94;9.85;-0.008
23.01.2023;9.94;9.91;9.94;9.88;0.002
20.01.2023;9.92;9.91;9.99;9.88;0.003
19.01.2023;9.89;9.99;9.99;9.88;0.002
18.01.2023;9.87;9.95;9.95;9.8;-0.008
17.01.2023;9.95;10.2;10.2;9.95;-0.008
16.01.2023;10.03;10.23;10.23;9.99;-0.0118
13.01.2023;10.15;10.39;10.39;9.91;0.0242
12.01.2023;9.91;9.44;9.91;9.44;0.0498
11.01.2023;9.44;9.14;9.44;9.14;0.0851
10.01.2023;8.7;8.42;8.92;8.42;0.0164
9.01.2023;8.56;8.28;8.56;8.08;0.0082
6.01.2023;8.49;8.85;8.85;8.49;-0.0241
5.01.2023;8.7;9;9;8.42;-0.0333
4.01.2023;9;8.56;9;8.56;0.0551
3.01.2023;8.53;8.85;8.85;8.42;0.0143
2.01.2023;8.41;9.91;9.91;8.35;-0.1479
30.12.2022;9.87;10.23;10.23;9.6;-0.0314
29.12.2022;10.19;10.23;10.31;10.19;-0.0039
28.12.2022;10.23;10.27;10.4;10.21;0
27.12.2022;10.23;10.23;10.4;10.23;0
26.12.2022;10.23;10.23;10.23;10.23;0.0323
23.12.2022;9.91;9.75;9.91;9.75;0.0238
22.12.2022;9.68;9.68;9.75;9.68;0
21.12.2022;9.68;10.15;10.15;9.68;-0.0482
20.12.2022;10.17;10.3;10.3;10.17;-0.0145
19.12.2022;10.32;10.49;10.49;7.77;-0.0153
16.12.2022;10.48;10.56;10.56;10.48;-0.0206
15.12.2022;10.7;10.7;10.7;10.7;-0.0028
14.12.2022;10.73;10.93;10.93;10.7;-0.0192
13.12.2022;10.94;10.99;10.99;10.94;-0.0009
12.12.2022;10.95;10.81;11.04;10.81;0.0205
9.12.2022;10.73;10.69;10.73;10.69;0.0161
8.12.2022;10.56;10.56;10.56;10.56;0.0057
7.12.2022;10.5;10.45;10.56;10.45;-0.0028
6.12.2022;10.53;10.48;10.6;10.48;0.0048
5.12.2022;10.48;10.44;10.56;10.44;0.0038
2.12.2022;10.44;10.48;10.52;10.43;-0.0067
1.12.2022;10.51;10.56;10.56;10.5;-0.0131
30.11.2022;10.65;10.6;10.73;10.6;0.0085
29.11.2022;10.56;10.54;10.65;10.54;0.0019
28.11.2022;10.54;10.65;10.65;10.54;-0.0103
25.11.2022;10.65;10.65;10.65;10.62;0.0019
24.11.2022;10.63;10.58;10.65;10.55;0.0066
23.11.2022;10.56;10.65;10.69;10.56;-0.0085
22.11.2022;10.65;10.98;10.98;10.48;-0.0345
21.11.2022;11.03;11.16;11.16;11.03;-0.0265
18.11.2022;11.33;11.38;11.38;11.25;-0.0156
17.11.2022;11.51;11.58;11.58;11.51;-0.006
16.11.2022;11.58;11.6;11.6;11.51;0
15.11.2022;11.58;11.6;11.69;11.57;-0.0017
14.11.2022;11.6;11.78;11.78;11.6;-0.0111
11.11.2022;11.73;11.88;11.88;11.73;-0.0274
10.11.2022;12.06;12.2;12.25;12.06;-0.0115
9.11.2022;12.2;12.16;12.25;11.97;0.0192
8.11.2022;11.97;11.78;11.97;11.78;0.0161
7.11.2022;11.78;11.42;12.16;11.42;0.0397
4.11.2022;11.33;11.33;11.33;11.25;0.0071
3.11.2022;11.25;11.25;11.25;11.25;0
1.11.2022;11.25;10.99;11.25;10.99;0.0237
31.10.2022;10.99;11.25;11.25;10.9;-0.0231
28.10.2022;11.25;11.25;11.25;11.25;-0.0401
27.10.2022;11.72;11.75;11.75;11.56;-0.0026
26.10.2022;11.75;11.38;11.75;11.38;0.0389
25.10.2022;11.31;11.13;11.31;11.13;0.0357
24.10.2022;10.92;10.89;10.95;10.65;0.04
21.10.2022;10.5;10.48;10.53;10.45;0.0077
20.10.2022;10.42;10.31;10.54;10.31;0.0117
19.10.2022;10.3;10.39;10.39;10.19;-0.0087
18.10.2022;10.39;12.82;12.82;9.97;-0.1845
17.10.2022;12.74;12.96;12.96;12.72;-0.0223
14.10.2022;13.03;13.11;13.11;12.96;-0.0061
13.10.2022;13.11;12.9;13.11;12.9;0.053
12.10.2022;12.45;12.35;12.45;12.35;0.0081
11.10.2022;12.35;12.03;12.35;12.03;0.0266
10.10.2022;12.03;11.96;12.42;11.9;0.0247
7.10.2022;11.74;11.68;11.77;11.67;0.0051
6.10.2022;11.68;11.84;11.84;11.68;-0.0135
5.10.2022;11.84;11.87;11.87;11.65;-0.0025
4.10.2022;11.87;11.65;11.87;11.52;0.0189
3.10.2022;11.65;11.71;11.71;11.62;0
30.09.2022;11.65;11.5;11.65;11.5;0.0043
29.09.2022;11.6;11.62;11.91;11.59;-0.0017
28.09.2022;11.62;11.5;11.78;11.5;0.0104
27.09.2022;11.5;11.53;11.53;11.45;-0.0026
26.09.2022;11.53;11.47;11.53;11.41;0.0186
22.09.2022;11.32;11.32;11.32;11.29;0
21.09.2022;11.32;11.26;11.32;11.26;0
20.09.2022;11.32;11.23;11.35;11.23;0.0018
19.09.2022;11.3;11.29;11.35;11.23;0.0116
16.09.2022;11.17;11.2;11.2;11.15;-0.0027
15.09.2022;11.2;11.12;11.23;11.11;0.0072
14.09.2022;11.12;11.11;11.17;11.11;0.0009
13.09.2022;11.11;11.11;11.14;11.04;0
12.09.2022;11.11;10.99;11.18;10.99;-0.0045
9.09.2022;11.16;11.18;11.18;11.16;-0.0018
8.09.2022;11.18;11.18;11.18;11.06;0
7.09.2022;11.18;11.3;11.43;11.18;-0.0219
6.09.2022;11.43;12.45;12.45;11.43;-0.0819
5.09.2022;12.45;12.45;12.45;12.45;0
2.09.2022;12.45;12.66;12.66;12.45;-0.0166
1.09.2022;12.66;12.66;12.66;12.66;0.0024
31.08.2022;12.63;12.66;12.71;12.59;-0.024
26.08.2022;12.94;12.94;12.94;12.94;0
25.08.2022;12.94;12.81;13.43;12.81;0.0101
24.08.2022;12.81;13.29;13.29;12.8;-0.0361
23.08.2022;13.29;13.5;13.5;12.8;-0.0466
22.08.2022;13.94;14.32;14.32;13.72;-0.1443
19.08.2022;16.29;16.29;16.29;16.29;-0.0228
18.08.2022;16.67;16.31;16.67;16.31;0.0221
17.08.2022;16.31;16.34;16.34;16.24;-0.0018
16.08.2022;16.34;16.24;16.34;16.24;0.0062
15.08.2022;16.24;16.28;16.28;16.1;0.0087
12.08.2022;16.1;16.07;16.15;16.07;0.0044
11.08.2022;16.03;16.07;16.1;16.03;-0.0025
10.08.2022;16.07;16.19;16.19;16.05;-0.0074
9.08.2022;16.19;16.37;16.37;16.1;-0.0055
8.08.2022;16.28;16.28;16.28;16.28;-0.0103
5.08.2022;16.45;16.46;16.46;16.45;-0.0161
4.08.2022;16.72;16.78;16.78;16.55;-0.0054
3.08.2022;16.81;16.96;16.96;16.81;-0.0112
2.08.2022;17;17;17.07;17;0
1.08.2022;17;17.18;17.18;17;-0.0087
29.07.2022;17.15;17.18;18.19;17.09;-0.0017
28.07.2022;17.18;17;17.18;16.91;-0.0109
27.07.2022;17.37;16.73;17.37;16.73;0.0383
26.07.2022;16.73;16.69;16.76;16.64;0.0012
25.07.2022;16.71;16.82;16.82;16.64;-0.0065
21.07.2022;16.82;16.93;16.93;16.73;-0.0065
20.07.2022;16.93;18;18;16.82;-0.0594
19.07.2022;18;18.1;18.1;17.98;-0.0083
18.07.2022;18.15;18.15;18.15;18.15;0.0006
14.07.2022;18.14;18.15;18.15;18.14;-0.0027
13.07.2022;18.19;18.19;18.19;18.19;0.0022
7.07.2022;18.15;18.15;18.15;18.15;-0.0011
6.07.2022;18.17;18.25;18.25;18.15;-0.0044
5.07.2022;18.25;18.35;18.35;18.23;-0.0167
4.07.2022;18.56;18.56;18.56;18.56;0
1.07.2022;18.56;18.56;18.56;18.51;0.0011
29.06.2022;18.54;18.46;18.56;18.46;0.0043
28.06.2022;18.46;18.56;18.76;18.46;-0.0027
27.06.2022;18.51;18.46;18.66;18.46;-0.008
24.06.2022;18.66;18.87;18.87;18.66;-0.0163
23.06.2022;18.97;18.87;18.97;18.87;0.0053
22.06.2022;18.87;18.98;18.98;18.77;0
21.06.2022;18.87;18.98;19.19;18.87;0.0027
20.06.2022;18.82;18.82;18.87;18.77;0.0027
17.06.2022;18.77;18.77;18.98;18.77;0
16.06.2022;18.77;18.77;18.87;18.72;-0.0111
15.06.2022;18.98;18.77;19.08;18.77;0.0112
14.06.2022;18.77;20.29;20.29;18.02;-0.0853
13.06.2022;20.52;21.36;21.36;20.49;-0.0393
10.06.2022;21.36;24.25;24.25;21.3;-0.1217
9.06.2022;24.32;24.78;26.18;24.32;-0.0186
8.06.2022;24.78;22.64;24.78;22.64;0.0945
7.06.2022;22.64;22.77;22.77;22.5;0.0357
3.06.2022;21.86;21.61;21.99;21.61;0.0116
2.06.2022;21.61;21.49;21.61;21.49;0.0056
1.06.2022;21.49;21.49;21.49;21.49;-0.0032
31.05.2022;21.56;21.69;21.69;21.56;-0.0037
30.05.2022;21.64;21.74;21.74;21.64;-0.0217
27.05.2022;22.12;22.78;22.78;22.12;-0.029
26.05.2022;22.78;23.33;23.33;22.78;-0.0147
25.05.2022;23.12;23.33;23.33;23.12;-0.012
24.05.2022;23.4;23.47;23.47;23.37;0.0152
23.05.2022;23.05;23.05;23.05;23.05;-0.003
20.05.2022;23.12;23.61;23.61;23.12;-0.0208
18.05.2022;23.61;23.43;24.19;23.43;0.0077
17.05.2022;23.43;23.75;23.75;23.43;0.0205
16.05.2022;22.96;23.39;23.39;22.94;-0.0312
13.05.2022;23.7;24.24;24.24;23.6;-0.0199
12.05.2022;24.18;23.55;24.2;23.52;0.0268
11.05.2022;23.55;22.37;23.63;21.98;0.0565
10.05.2022;22.29;22.21;22.37;22.21;0.0215
9.05.2022;21.82;21.54;21.86;21.54;0.0041
6.05.2022;21.73;20.82;21.82;20.76;0.0493
5.05.2022;20.71;20.49;20.73;20.49;0.0217
29.04.2022;20.27;19.9;20.31;19.9;0.0176
28.04.2022;19.92;20.12;20.12;19.89;-0.0099
27.04.2022;20.12;20.46;20.46;20.11;-0.0176
26.04.2022;20.48;20.7;20.7;20.44;-0.0101
25.04.2022;20.69;20.81;20.81;20.69;-0.0014
22.04.2022;20.72;20.74;20.91;20.7;-0.0043
21.04.2022;20.81;20.87;21.3;20.81;-0.0048
20.04.2022;20.91;21.08;21.08;20.62;-0.0174
19.04.2022;21.28;21.33;21.78;21.26;-0.0023
18.04.2022;21.33;22.69;22.69;21.32;-0.0473
15.04.2022;22.39;22.87;22.87;22.39;-0.0193
14.04.2022;22.83;22.74;22.85;22.72;0.004
13.04.2022;22.74;22.9;22.9;22.66;-0.0147
12.04.2022;23.08;23.56;23.56;23.06;-0.0187
11.04.2022;23.52;23.94;23.94;23.52;-0.02
8.04.2022;24;24.29;24.29;23.7;-0.0136
7.04.2022;24.33;24.68;24.77;24.33;-0.0142
6.04.2022;24.68;24.14;25.09;24.1;0.0211
5.04.2022;24.17;24.01;24.23;24.01;0.0067
4.04.2022;24.01;23.84;24.19;23.58;0.0071
1.04.2022;23.84;23.96;23.96;23.79;-0.005
31.03.2022;23.96;24.17;24.17;23.93;-0.0107
30.03.2022;24.22;24.84;24.84;23.98;-0.0045
29.03.2022;24.33;25.07;25.07;24.3;-0.0276
28.03.2022;25.02;25.95;25.95;24.95;-0.037
25.03.2022;25.98;27.04;27.04;25.95;-0.0185
24.03.2022;26.47;26.16;26.8;26.06;0.0107
23.03.2022;26.19;25.24;26.77;25.24;0.0376
22.03.2022;25.24;25.05;25.29;24.99;0.0076
21.03.2022;25.05;25.05;25.1;25.03;0.0068
18.03.2022;24.88;24.82;24.91;24.82;0.0024
17.03.2022;24.82;24.59;24.91;24.47;0.0077
16.03.2022;24.63;24.43;24.68;24.36;0.0074
15.03.2022;24.45;24.47;24.64;24.1;-0.0008
14.03.2022;24.47;24.36;24.81;24.27;0.0091
11.03.2022;24.25;24.51;24.8;24.03;-0.0106
10.03.2022;24.51;24.28;24.58;24.13;0.0095
9.03.2022;24.28;25.19;25.26;24.26;-0.0323
8.03.2022;25.09;24.91;25.19;24.82;0.0241
7.03.2022;24.5;24.06;24.79;24.06;0.0342
4.03.2022;23.69;23.27;25.21;23.17;0.0327
3.03.2022;22.94;23.26;23.35;22.94;-0.0086
2.03.2022;23.14;23.47;23.47;23.14;0.0035
1.03.2022;23.06;22.89;23.16;22.79;-0.0004
28.02.2022;23.07;22.95;23.26;22.93;0.0258
25.02.2022;22.49;23.46;23.46;22.37;-0.0372
24.02.2022;23.36;21.46;23.42;21.46;0.0885
23.02.2022;21.46;20.99;22.25;20.81;0.0219
22.02.2022;21;20.79;21.02;20.79;0.0101
21.02.2022;20.79;20.69;20.84;20.65;-0.001
18.02.2022;20.81;20.91;20.91;20.72;-0.0038
17.02.2022;20.89;20.91;20.98;20.89;-0.001
16.02.2022;20.91;20.87;20.92;20.77;0.0029
15.02.2022;20.85;20.96;21.03;20.78;-0.0052
14.02.2022;20.96;20.97;21.19;20.9;0.0053
11.02.2022;20.85;20.94;20.94;20.76;0.001
10.02.2022;20.83;21;21;20.79;-0.01
9.02.2022;21.04;21.47;21.47;21.04;-0.0209
8.02.2022;21.49;21.58;21.84;21.44;0.0009
7.02.2022;21.47;21.65;21.65;21.42;-0.0083
4.02.2022;21.65;22.03;22.03;21.58;-0.0105
3.02.2022;21.88;23.63;23.63;21.84;-0.0082
2.02.2022;22.06;21.72;22.12;21.72;0.0105
1.02.2022;21.83;22.41;22.41;21.83;-0.0293
31.01.2022;22.49;22.27;22.6;22.21;0.0108
28.01.2022;22.25;22.39;22.39;22.21;-0.0054
27.01.2022;22.37;21.83;22.41;21.83;0.0356
26.01.2022;21.6;21.4;21.6;21.4;0.0093
25.01.2022;21.4;21.27;21.45;21.27;0.0061
24.01.2022;21.27;21.56;21.56;21.27;-0.0084
21.01.2022;21.45;21.54;21.54;21.23;-0.0042
20.01.2022;21.54;21.89;21.89;21.34;-0.0128
19.01.2022;21.82;21.97;22.06;21.82;-0.0032
18.01.2022;21.89;22.35;22.35;21.89;-0.0113
17.01.2022;22.14;22.74;22.8;22.1;-0.0264
14.01.2022;22.74;22.74;22.75;22.52;0
13.01.2022;22.74;23.03;23.03;22.74;-0.0126
12.01.2022;23.03;23.43;23.43;23.02;-0.0179
11.01.2022;23.45;23.57;23.81;23.45;-0.0051
10.01.2022;23.57;23.38;23.6;23.3;0.0142
7.01.2022;23.24;23.01;23.3;22.91;0.0026
6.01.2022;23.18;22.63;23.18;22.63;0.0243
5.01.2022;22.63;23.11;23.2;22.57;-0.0208
4.01.2022;23.11;23.38;23.38;23.05;-0.0107
3.01.2022;23.36;23.09;23.63;23.09;0.0134
31.12.2021;23.05;23.27;23.37;23.05;-0.0095
30.12.2021;23.27;23.43;23.43;23.12;-0.006
29.12.2021;23.41;23.24;23.5;23.24;0.0073
28.12.2021;23.24;23;23.37;23;0.0157
27.12.2021;22.88;22.69;22.88;22.69;0.0075
24.12.2021;22.71;22.46;22.75;22.46;0.0111
23.12.2021;22.46;22.01;22.46;21.82;0.0126
22.12.2021;22.18;22.29;22.29;22.06;-0.0094
21.12.2021;22.39;22.55;22.55;21.41;-0.0124
20.12.2021;22.67;21.85;22.71;21.85;0.0461
17.12.2021;21.67;21.26;21.78;21.26;0.0193
16.12.2021;21.26;21.15;21.78;21.15;0.0114
15.12.2021;21.02;21.11;21.11;20.93;0.0067
14.12.2021;20.88;20.62;20.93;20.62;0.0126
13.12.2021;20.62;20.62;20.79;20.55;0.0113
10.12.2021;20.39;20.53;20.53;20.38;-0.0034
9.12.2021;20.46;20.58;20.58;20.42;-0.0058
8.12.2021;20.58;20.47;20.58;20.37;0.0054
7.12.2021;20.47;20.51;20.51;20.4;-0.002
6.12.2021;20.51;20.68;20.68;20.51;-0.0015
3.12.2021;20.54;20.18;20.7;20.18;0.0178
2.12.2021;20.18;20.18;20.33;20.14;0
1.12.2021;20.18;20.26;20.26;20.11;-0.001
30.11.2021;20.2;20.25;20.25;20.16;0.003
29.11.2021;20.14;20.21;20.21;20.09;0.0015
26.11.2021;20.11;20.09;20.16;20.03;0.001
25.11.2021;20.09;20.19;20.19;20.09;0.0025
24.11.2021;20.04;20.32;20.5;20.01;-0.0138
23.11.2021;20.32;19.43;21.38;19.43;0.0458
22.11.2021;19.43;19.27;19.5;19.27;0.0052
19.11.2021;19.33;19.5;19.5;19.25;-0.0051
18.11.2021;19.43;18.95;19.55;18.95;0.0253
17.11.2021;18.95;18.89;18.99;18.78;0.008
16.11.2021;18.8;18.63;18.86;18.63;0.0091
15.11.2021;18.63;18.63;18.65;18.58;-0.0043
12.11.2021;18.71;18.76;18.76;18.67;-0.0027
11.11.2021;18.76;18.55;18.85;18.55;0.0113
10.11.2021;18.55;18.35;18.73;18.35;0.0109
9.11.2021;18.35;18.44;18.55;18.35;-0.0049
8.11.2021;18.44;18.44;18.47;18.42;-0.0022
5.11.2021;18.48;18.62;18.63;18.47;-0.0081
4.11.2021;18.63;18.87;18.87;18.59;-0.0127
3.11.2021;18.87;18.89;19.06;18.86;-0.0011
2.11.2021;18.89;18.83;18.9;18.75;0.0032
1.11.2021;18.83;19.02;19.02;18.79;-0.0131
28.10.2021;19.08;19.18;19.18;19.08;-0.0031
27.10.2021;19.14;19.2;19.2;19.14;-0.0031
26.10.2021;19.2;19.78;19.78;19.06;-0.0139
25.10.2021;19.47;19.94;19.94;19.44;0.0041
22.10.2021;19.39;19.37;19.61;19.37;0.001
21.10.2021;19.37;19.07;19.61;19.01;0.0157
20.10.2021;19.07;19.25;19.25;19.07;0.001
19.10.2021;19.05;19.13;19.13;19.02;-0.0042
18.10.2021;19.13;19.28;19.28;19.06;0.0037
15.10.2021;19.06;18.91;19.1;18.91;0.0079
14.10.2021;18.91;18.58;18.96;18.58;0.0178
13.10.2021;18.58;18.51;18.61;18.45;0.0049
12.10.2021;18.49;18.36;18.66;18.36;0.012
11.10.2021;18.27;18.12;18.32;18.12;0.0027
8.10.2021;18.22;17.97;18.36;17.96;0.0139
7.10.2021;17.97;17.9;17.99;17.89;0.0039
6.10.2021;17.9;17.91;18;17.89;0.0056
5.10.2021;17.8;17.7;17.83;17.7;0.0056
4.10.2021;17.7;17.77;17.77;17.69;-0.0011
1.10.2021;17.72;17.77;17.77;17.68;-0.0006
30.09.2021;17.73;17.9;17.94;17.71;-0.0095
29.09.2021;17.9;17.92;18.05;17.88;-0.0011
28.09.2021;17.92;17.79;17.94;17.79;0.0062
27.09.2021;17.81;17.82;17.85;17.8;0.0051
24.09.2021;17.72;17.76;17.76;17.48;0.0243
23.09.2021;17.3;16.67;17.41;16.66;0.0378
22.09.2021;16.67;16.57;16.72;16.57;0.003
21.09.2021;16.62;16.67;16.67;16.53;-0.003
20.09.2021;16.67;16.66;16.93;16.59;0.0109
17.09.2021;16.49;16.43;16.54;16.43;0.0024
16.09.2021;16.45;16.44;16.46;16.33;-0.0018
15.09.2021;16.48;16.53;16.53;16.48;-0.0012
14.09.2021;16.5;16.53;16.53;16.47;-0.003
13.09.2021;16.55;16.61;16.61;16.53;-0.0006
10.09.2021;16.56;16.6;16.64;16.53;-0.0024
9.09.2021;16.6;16.66;16.78;16.6;-0.0018
8.09.2021;16.63;16.58;16.68;16.5;0.0103
7.09.2021;16.46;16.4;16.48;16.36;0.0043
6.09.2021;16.39;16.33;16.41;16.32;0.0043
3.09.2021;16.32;16.45;16.45;16.3;-0.0031
2.09.2021;16.37;16.42;16.42;16.36;-0.0037
1.09.2021;16.43;16.47;16.47;16.37;-0.0024
31.08.2021;16.47;16.63;16.63;16.47;-0.0108
27.08.2021;16.65;16.66;16.69;16.65;0
26.08.2021;16.65;16.69;16.69;16.62;-0.0006
25.08.2021;16.66;16.72;16.78;16.65;-0.0036
24.08.2021;16.72;16.78;16.78;16.72;-0.0054
23.08.2021;16.81;16.85;16.89;16.8;-0.0041
20.08.2021;16.88;16.87;17;16.87;0.0006
19.08.2021;16.87;16.9;16.96;16.85;0.0048
18.08.2021;16.79;16.85;16.85;16.79;-0.0006
17.08.2021;16.8;16.69;16.89;16.69;0.0066
16.08.2021;16.69;16.88;16.88;16.67;-0.0048
13.08.2021;16.77;16.9;16.9;16.77;0
12.08.2021;16.77;16.87;16.87;16.67;-0.0141
11.08.2021;17.01;16.94;17.05;16.94;0.0041
10.08.2021;16.94;17.11;17.11;16.92;-0.0082
9.08.2021;17.08;17.3;17.3;17.07;0
6.08.2021;17.08;16.83;17.16;16.83;0.0149
5.08.2021;16.83;16.83;16.87;16.79;0.0042
4.08.2021;16.76;16.67;16.76;16.61;0.0054
3.08.2021;16.67;16.51;16.7;16.48;0.0097
2.08.2021;16.51;16.6;16.6;16.36;-0.0036
30.07.2021;16.57;16.86;16.86;16.5;-0.0207
29.07.2021;16.92;16.96;16.96;16.89;-0.0053
28.07.2021;17.01;17;17.02;16.96;0.0006
27.07.2021;17;16.97;17.01;16.96;0.0035
26.07.2021;16.94;16.86;16.99;16.86;0.0119
19.07.2021;16.74;16.73;16.78;16.73;-0.0042
16.07.2021;16.81;16.67;16.81;16.67;0.0066
14.07.2021;16.7;16.68;16.7;16.64;0.0012
13.07.2021;16.68;16.8;16.81;16.68;-0.0071
12.07.2021;16.8;16.93;16.93;16.79;-0.0071
9.07.2021;16.92;16.96;16.96;16.9;0
8.07.2021;16.92;17.01;17.06;16.91;-0.0053
7.07.2021;17.01;16.98;17.03;16.97;0.0012
6.07.2021;16.99;16.99;17;16.94;0
5.07.2021;16.99;16.95;17.06;16.94;0.0077
2.07.2021;16.86;16.87;16.9;16.85;-0.0006
1.07.2021;16.87;16.68;16.89;16.68;0.0114
30.06.2021;16.68;16.64;16.74;16.61;0.0024
29.06.2021;16.64;16.38;16.87;16.35;0.0122
28.06.2021;16.44;16.63;16.63;16.42;-0.0042
25.06.2021;16.51;16.75;16.75;16.4;-0.012
24.06.2021;16.71;16.89;16.92;16.69;-0.0077
23.06.2021;16.84;17.11;17.11;16.84;-0.0158
22.06.2021;17.11;17.27;17.27;17.07;-0.0104
21.06.2021;17.29;17.21;17.35;17.21;0.0035
18.06.2021;17.23;17.35;17.35;17.14;-0.0058
17.06.2021;17.33;17.36;17.96;17.31;-0.0017
16.06.2021;17.36;17.45;17.47;17.35;-0.0052
15.06.2021;17.45;17.3;17.51;17.3;0.0087
14.06.2021;17.3;17.26;17.32;17.26;-0.0035
11.06.2021;17.36;17.67;17.67;17.34;-0.0164
10.06.2021;17.65;17.87;17.87;16.91;-0.0123
9.06.2021;17.87;17.9;17.91;17.84;-0.0056
8.06.2021;17.97;18.1;18.1;17.97;-0.0055
7.06.2021;18.07;18.1;18.17;18.07;0
4.06.2021;18.07;18.12;18.21;18.05;-0.0028
3.06.2021;18.12;18.02;18.12;18.02;0.0055
2.06.2021;18.02;17.81;18.05;17.81;0.0118
1.06.2021;17.81;17.84;17.85;17.8;-0.0006
31.05.2021;17.82;17.88;17.88;17.81;-0.0022
28.05.2021;17.86;17.61;17.92;17.61;0.0142
27.05.2021;17.61;17.59;17.62;17.54;0.0011
26.05.2021;17.59;17.66;17.66;17.58;-0.0017
25.05.2021;17.62;17.47;17.66;17.44;0.0086
24.05.2021;17.47;17.5;17.52;17.46;-0.0006
21.05.2021;17.48;17.49;17.5;17.47;0.0006
20.05.2021;17.47;17.49;17.49;17.45;0.0029
18.05.2021;17.42;17.46;17.46;17.4;-0.0017
17.05.2021;17.45;17.52;17.52;17.45;-0.0006
12.05.2021;17.46;17.4;17.49;17.4;0.0034
11.05.2021;17.4;17.37;17.43;17.34;0.004
10.05.2021;17.33;17.34;17.34;17.26;0.0023
7.05.2021;17.29;17.42;17.42;17.25;-0.0063
6.05.2021;17.4;17.59;17.59;17.27;-0.0057
5.05.2021;17.5;17.64;17.78;17.5;-0.0062
4.05.2021;17.61;17.75;17.75;17.59;0.0028
3.05.2021;17.56;17.78;17.78;17.56;-0.009
30.04.2021;17.72;17.79;17.79;17.68;-0.0023
29.04.2021;17.76;17.8;17.8;17.68;-0.0028
28.04.2021;17.81;17.81;17.84;17.77;0
27.04.2021;17.81;17.94;17.94;17.78;-0.0089
26.04.2021;17.97;17.91;17.98;17.91;0.0096
22.04.2021;17.8;17.66;17.81;17.66;0.0079
21.04.2021;17.66;17.5;17.76;17.48;0.0097
20.04.2021;17.49;17.24;17.54;17.24;0.0145
19.04.2021;17.24;17.24;17.29;17.21;-0.0029
16.04.2021;17.29;17.35;17.35;17.23;-0.0035
15.04.2021;17.35;17.29;17.62;17.12;0.0035
14.04.2021;17.29;17.48;17.48;17.23;-0.0097
13.04.2021;17.46;17.53;17.53;17.42;-0.0011
12.04.2021;17.48;17.56;17.67;17.4;-0.004
9.04.2021;17.55;17.56;17.56;17.49;0.0011
8.04.2021;17.53;17.49;17.64;17.49;0.0023
7.04.2021;17.49;17.47;17.51;17.44;0.0029
6.04.2021;17.44;17.61;17.61;17.44;-0.0097
5.04.2021;17.61;17.61;17.66;17.57;0.008
2.04.2021;17.47;17.51;17.51;17.33;-0.0023
1.04.2021;17.51;18.08;18.08;17.47;-0.0315
31.03.2021;18.08;18.31;18.54;18.02;-0.0126
30.03.2021;18.31;18.17;18.63;18.17;0.0077
29.03.2021;18.17;18.02;18.24;17.96;0.0006
26.03.2021;18.16;17.46;18.31;17.46;0.0401
25.03.2021;17.46;17.35;18.3;17.24;0.0063
24.03.2021;17.35;18.21;18.21;16.94;-0.0504
23.03.2021;18.27;18.42;18.45;18.16;0.0111
22.03.2021;18.07;16.03;20;16.03;0.3287
19.03.2021;13.6;13.57;13.71;13.57;0.0022
18.03.2021;13.57;13.82;13.99;13.4;-0.0188
17.03.2021;13.83;13.75;13.89;13.75;0.0058
16.03.2021;13.75;13.92;13.92;13.68;-0.0094
15.03.2021;13.88;13.74;13.92;13.71;0.0146
12.03.2021;13.68;13.58;13.74;13.58;0.0126
11.03.2021;13.51;13.49;13.53;13.45;0
10.03.2021;13.51;13.57;13.59;13.5;-0.0044
9.03.2021;13.57;13.62;13.62;13.48;0.003
8.03.2021;13.53;13.51;13.73;13.47;0.0082
5.03.2021;13.42;13.57;13.57;13.39;0.0113
4.03.2021;13.27;13.15;13.31;13.05;0.0161
3.03.2021;13.06;13.01;13.12;12.95;0.0077
2.03.2021;12.96;12.85;12.98;12.85;0.0093
1.03.2021;12.84;13.03;13.03;12.84;-0.0108
26.02.2021;12.98;13.09;13.17;12.98;0.0085
25.02.2021;12.87;12.8;12.91;12.76;0.0078
24.02.2021;12.77;12.66;12.79;12.66;0.0087
23.02.2021;12.66;12.65;12.67;12.64;0
22.02.2021;12.66;12.7;12.7;12.62;0.0024
19.02.2021;12.63;12.66;12.74;12.62;-0.0024
