"Date","Price","Open","High","Low","Vol.","Change %"
"06/05/2025","38.6377","38.6186","38.8255","38.3683","","0.17%"
"05/05/2025","38.5720","38.5694","38.7154","38.4065","","0.01%"
"02/05/2025","38.5698","38.4480","38.7148","38.3291","","0.32%"
"01/05/2025","38.4479","38.4908","38.6308","38.3549","","-0.11%"
"30/04/2025","38.4908","38.4713","38.6805","38.3226","","0.05%"
"29/04/2025","38.4713","38.4351","38.7132","38.2406","","0.10%"
"28/04/2025","38.4339","38.4228","38.6690","38.1685","","0.03%"
"25/04/2025","38.4235","38.3497","38.5610","38.2530","","0.20%"
"24/04/2025","38.3464","38.3025","38.4966","38.0531","","0.11%"
"23/04/2025","38.3025","38.2634","38.4118","38.1167","","0.10%"
"22/04/2025","38.2634","38.1962","38.4295","38.0802","","0.24%"
"21/04/2025","38.1701","38.1176","38.3729","37.8816","","1.37%"
"18/04/2025","37.6529","38.0260","38.3498","37.7873","","0.12%"
"17/04/2025","37.6085","38.1383","38.2997","37.7798","","-1.37%"
"16/04/2025","38.1291","38.0836","38.3053","37.9788","","0.13%"
"15/04/2025","38.0785","38.0300","38.3140","37.8120","","0.14%"
"14/04/2025","38.0255","37.9900","38.2854","37.7681","","0.44%"
"11/04/2025","37.8604","37.9187","38.2802","37.8120","","-0.10%"
"10/04/2025","37.8965","37.9775","38.1097","37.7567","","-0.20%"
"09/04/2025","37.9706","37.9696","38.2957","37.7528","","0.07%"
"08/04/2025","37.9449","37.9889","38.1811","37.5828","","-0.02%"
"07/04/2025","37.9525","38.0035","38.2336","37.7544","","-0.10%"
"04/04/2025","37.9907","37.9404","38.2823","37.7381","","0.14%"
"03/04/2025","37.9383","37.9451","38.1679","37.6180","","0.05%"
"02/04/2025","37.9178","37.9417","38.2333","37.6895","","-0.06%"
"01/04/2025","37.9396","37.9474","38.2367","37.6548","","-0.01%"
"31/03/2025","37.9417","37.9810","38.1728","37.7475","","0.17%"
"28/03/2025","37.8759","38.0010","38.2930","37.7125","","-0.10%"
"27/03/2025","37.9122","37.9950","38.2382","37.7413","","-0.21%"
"26/03/2025","37.9929","37.9761","38.4613","37.7858","","0.12%"
"25/03/2025","37.9463","37.9770","38.2014","37.6698","","0.00%"
"24/03/2025","37.9464","37.8790","38.2562","37.4940","","1.52%"
"21/03/2025","37.3800","37.9525","38.4228","37.3859","","-0.21%"
"20/03/2025","37.4600","37.8733","38.3364","37.3250","","-0.50%"
"19/03/2025","37.6500","36.6875","41.2164","36.5738","","2.64%"
"18/03/2025","36.6825","36.6363","36.7878","36.5220","","0.60%"
"17/03/2025","36.4651","36.6600","36.7799","36.5261","","-0.13%"
"14/03/2025","36.5133","36.6211","36.9945","36.4544","","0.27%"
"13/03/2025","36.4132","36.5879","36.7095","36.4864","","-0.07%"
"12/03/2025","36.4374","36.5970","36.7557","36.4486","","-0.34%"
"11/03/2025","36.5621","36.5471","36.7277","36.2759","","0.07%"
"10/03/2025","36.5370","36.4559","36.6776","36.3480","","0.14%"
"07/03/2025","36.4861","36.4144","36.6479","36.2236","","0.28%"
"06/03/2025","36.3854","36.4371","36.5617","36.2982","","-0.11%"
"05/03/2025","36.4241","36.4465","36.5503","36.3242","","-0.04%"
"04/03/2025","36.4404","36.4460","36.5750","36.3265","","0.00%"
"03/03/2025","36.4416","36.5154","36.6989","36.2733","","0.13%"
"28/02/2025","36.3935","36.4399","36.6948","36.2741","","-0.04%"
"27/02/2025","36.4088","36.4593","36.5485","36.2626","","-0.10%"
"26/02/2025","36.4470","36.4504","36.5711","36.3226","","0.08%"
"25/02/2025","36.4186","36.6850","36.7232","36.3270","","-0.01%"
"24/02/2025","36.4237","36.4300","36.6188","36.2156","","0.11%"
"21/02/2025","36.3822","36.2520","36.6859","36.1833","","0.36%"
"20/02/2025","36.2502","36.2995","36.3776","36.1821","","-0.04%"
"19/02/2025","36.2652","36.2825","36.4077","36.1742","","0.03%"
"18/02/2025","36.2549","36.2340","36.4014","36.0819","","0.12%"
"17/02/2025","36.2114","36.2195","36.4313","35.9846","","0.00%"
"14/02/2025","36.2130","36.1377","36.4175","36.0420","","0.25%"
"13/02/2025","36.1213","36.1013","36.2701","35.9613","","0.08%"
"12/02/2025","36.0936","36.0413","36.2357","35.8773","","0.20%"
"11/02/2025","36.0220","35.9816","36.1397","35.8455","","0.08%"
"10/02/2025","35.9933","35.9915","36.2224","35.7370","","0.02%"
"07/02/2025","35.9863","35.8850","36.1475","35.4093","","0.35%"
"06/02/2025","35.8625","35.9121","35.9847","35.7731","","-0.05%"
"05/02/2025","35.8787","35.9449","36.0876","35.7940","","-0.14%"
"04/02/2025","35.9301","35.9599","36.1196","35.7977","","-0.03%"
"03/02/2025","35.9406","35.7849","36.1233","35.6835","","0.68%"
"31/01/2025","35.6977","35.7865","36.0191","35.4788","","-0.20%"
"30/01/2025","35.7677","35.8073","35.8669","35.6712","","-0.09%"
"29/01/2025","35.7982","35.7305","35.8628","35.6450","","0.30%"
"28/01/2025","35.6922","35.7442","35.8809","35.6246","","-0.13%"
"27/01/2025","35.7385","35.6644","35.8529","35.5668","","0.26%"
"24/01/2025","35.6454","35.6490","35.7739","35.5384","","0.07%"
"23/01/2025","35.6201","35.6562","35.7437","35.5352","","-0.05%"
"22/01/2025","35.6380","35.6116","35.7296","35.5285","","0.55%"
"21/01/2025","35.4420","35.5708","35.7319","35.4609","","-0.32%"
"20/01/2025","35.5563","35.5004","35.7091","35.4195","","0.35%"
"17/01/2025","35.4307","35.4337","35.7308","35.2706","","0.01%"
"16/01/2025","35.4287","35.4525","35.5462","35.3323","","-0.05%"
"15/01/2025","35.4473","35.4739","35.6071","35.3634","","-0.07%"
"14/01/2025","35.4711","35.4852","35.5949","35.3775","","0.00%"
"13/01/2025","35.4709","35.4013","35.5833","35.2945","","0.24%"
"10/01/2025","35.3852","35.3511","35.5342","35.2605","","0.16%"
"09/01/2025","35.3291","35.3124","35.5111","35.2073","","0.14%"
"08/01/2025","35.2781","35.3353","35.4535","35.2325","","-0.11%"
"07/01/2025","35.3186","35.3049","35.4543","35.2183","","0.07%"
"06/01/2025","35.2927","35.3569","35.5093","35.1823","","-0.13%"
"03/01/2025","35.3376","35.3529","35.5164","35.2043","","-0.03%"
"02/01/2025","35.3476","35.3647","35.4871","35.1345","","-0.03%"
"01/01/2025","35.3585","35.3130","35.4250","35.2518","","0.07%"
"31/12/2024","35.3350","35.3290","35.7369","35.1300","","0.06%"
"30/12/2024","35.3123","35.0723","35.4430","35.0123","","0.69%"
"27/12/2024","35.0702","35.1760","35.4381","34.9089","","-0.17%"
"26/12/2024","35.1316","35.2250","35.3779","35.0440","","-0.17%"
"25/12/2024","35.1905","35.1455","35.4469","34.9750","","0.29%"
"24/12/2024","35.0875","35.2130","35.3782","34.9070","","-0.22%"
"23/12/2024","35.1642","35.1902","35.3645","34.9866","","0.02%"
"20/12/2024","35.1588","35.1029","35.3276","35.0030","","0.26%"
"19/12/2024","35.0675","35.0370","35.1978","34.9391","","0.10%"
"18/12/2024","35.0320","34.9773","35.1246","34.8536","","0.16%"
"17/12/2024","34.9746","34.9531","35.0950","34.8465","","0.07%"
"16/12/2024","34.9508","34.9428","35.0548","34.8237","","0.08%"
"13/12/2024","34.9238","34.8991","35.0434","34.7699","","0.15%"
"12/12/2024","34.8701","34.8811","34.9991","34.7506","","0.05%"
"11/12/2024","34.8540","34.8615","34.9772","34.7547","","0.07%"
"10/12/2024","34.8285","34.8287","34.9938","34.6140","","0.06%"
"09/12/2024","34.8059","34.7402","34.9165","34.6656","","0.20%"
"06/12/2024","34.7376","34.7122","34.8896","34.6026","","0.17%"
"05/12/2024","34.6778","34.7410","34.8714","34.5985","","0.17%"
"04/12/2024","34.6200","34.7359","34.8699","34.6106","","-0.25%"
"03/12/2024","34.7071","34.7201","34.8037","34.6375","","0.02%"
"02/12/2024","34.7014","34.6902","34.8340","34.5830","","0.03%"
"29/11/2024","34.6913","34.6245","34.8088","34.4812","","0.22%"
"28/11/2024","34.6145","34.6412","34.8092","34.4993","","-0.02%"
"27/11/2024","34.6206","34.6395","34.8313","34.5227","","0.03%"
"26/11/2024","34.6085","34.5350","34.7640","34.4696","","0.18%"
"25/11/2024","34.5452","34.5191","34.7757","34.2747","","0.01%"
"22/11/2024","34.5434","34.4891","34.7063","34.3408","","0.25%"
"21/11/2024","34.4565","34.4632","34.6381","34.3332","","0.04%"
"20/11/2024","34.4415","34.4768","34.6248","34.3434","","0.41%"
"19/11/2024","34.3000","34.5272","34.8820","34.3610","","-0.63%"
"18/11/2024","34.5181","34.4322","34.7108","34.2906","","0.29%"
"15/11/2024","34.4185","34.3375","34.8946","34.2240","","0.29%"
"14/11/2024","34.3182","34.3552","34.4736","34.1694","","-0.09%"
"13/11/2024","34.3501","34.3467","34.4876","34.1638","","0.01%"
"12/11/2024","34.3465","34.3367","34.4976","34.1992","","0.09%"
"11/11/2024","34.3169","34.3530","34.4873","34.2346","","-0.16%"
"08/11/2024","34.3722","34.2345","34.5486","34.1365","","0.45%"
"07/11/2024","34.2177","34.2074","34.3238","34.0854","","0.09%"
"06/11/2024","34.1862","34.3167","34.4754","34.0922","","-0.37%"
"05/11/2024","34.3118","34.3460","34.4545","34.1646","","-0.06%"
"04/11/2024","34.3337","34.3250","34.4682","34.2238","","0.09%"
"01/11/2024","34.3020","34.2555","34.5047","34.1385","","0.14%"
"31/10/2024","34.2540","34.2475","34.3947","34.1388","","0.15%"
"30/10/2024","34.2044","34.2710","34.3490","34.0490","","-0.15%"
"29/10/2024","34.2554","34.3018","34.3630","34.1721","","-0.08%"
"28/10/2024","34.2822","34.2873","34.4432","34.1380","","0.00%"
"25/10/2024","34.2827","34.2520","34.4622","34.1135","","0.19%"
"24/10/2024","34.2181","34.2843","34.3840","34.1265","","-0.10%"
"23/10/2024","34.2527","34.2559","34.4300","34.1087","","0.05%"
"22/10/2024","34.2357","34.2115","34.3266","34.1408","","0.42%"
"21/10/2024","34.0920","34.2374","34.4857","34.0303","","0.31%"
"18/10/2024","33.9850","34.1302","34.4888","34.0139","","-0.41%"
"17/10/2024","34.1245","34.1724","34.2895","34.0224","","-0.10%"
"16/10/2024","34.1594","34.2123","34.4188","33.9230","","-0.03%"
"15/10/2024","34.1692","34.2690","34.5386","34.0721","","-0.26%"
"14/10/2024","34.2569","34.2895","34.4190","34.1573","","0.04%"
"11/10/2024","34.2442","34.1856","34.4724","34.0838","","0.27%"
"10/10/2024","34.1519","34.2351","34.3665","34.0811","","-0.17%"
"09/10/2024","34.2087","34.2623","34.3422","34.1223","","-0.09%"
"08/10/2024","34.2407","34.2630","34.3532","34.0505","","0.02%"
"07/10/2024","34.2350","34.2529","34.3763","34.1376","","-0.04%"
"04/10/2024","34.2500","34.1309","34.4154","34.0084","","0.42%"
"03/10/2024","34.1055","34.2168","34.3297","34.0047","","-0.22%"
"02/10/2024","34.1819","34.2126","34.2947","33.9937","","-0.07%"
"01/10/2024","34.2057","34.1863","34.3672","34.0627","","0.13%"
"30/09/2024","34.1605","34.1699","34.3536","34.0014","","0.00%"
"27/09/2024","34.1615","34.1525","34.3205","34.0017","","0.06%"
"26/09/2024","34.1398","34.1380","34.2794","33.9700","","0.10%"
"25/09/2024","34.1064","34.1219","34.2245","34.0075","","-0.02%"
"24/09/2024","34.1137","34.1272","34.2700","33.9810","","-0.02%"
"23/09/2024","34.1189","34.1030","34.3298","33.9398","","0.08%"
"20/09/2024","34.0926","34.0299","34.1842","33.9458","","0.20%"
"19/09/2024","34.0253","34.0701","34.2141","33.8847","","-0.13%"
"18/09/2024","34.0687","34.0812","34.1920","33.9461","","-0.03%"
"17/09/2024","34.0795","33.9977","34.1527","33.8829","","0.30%"
"16/09/2024","33.9779","33.9234","34.2140","33.6661","","0.30%"
"13/09/2024","33.8762","33.9083","34.0761","33.7585","","-0.10%"
"12/09/2024","33.9086","33.9865","34.0667","33.8085","","-0.17%"
"11/09/2024","33.9678","34.0369","34.1283","33.8703","","-0.13%"
"10/09/2024","34.0122","34.0627","34.1892","33.9322","","-0.07%"
"09/09/2024","34.0361","33.9945","34.2093","33.8147","","0.25%"
"06/09/2024","33.9505","33.9501","34.1477","33.8155","","0.09%"
"05/09/2024","33.9195","34.0042","34.1563","33.8358","","-0.19%"
"04/09/2024","33.9857","34.0033","34.1315","33.8690","","0.04%"
"03/09/2024","33.9735","33.8821","34.0725","33.7706","","0.28%"
"02/09/2024","33.8799","34.0452","34.1537","33.7450","","-0.56%"
"30/08/2024","34.0711","34.0710","34.1739","33.9958","","0.00%"
"29/08/2024","34.0694","34.0567","34.2712","33.8625","","0.11%"
"28/08/2024","34.0312","34.0194","34.4742","33.9104","","0.09%"
"27/08/2024","34.0006","34.0010","34.0882","33.8925","","0.09%"
"26/08/2024","33.9691","33.9919","34.0896","33.7980","","0.03%"
"23/08/2024","33.9588","33.9065","34.0559","33.7948","","0.74%"
"22/08/2024","33.7100","33.8767","34.0038","33.7816","","-0.36%"
"21/08/2024","33.8313","33.8858","34.0490","33.7807","","-0.08%"
"20/08/2024","33.8575","33.7020","33.9736","33.6469","","0.86%"
"19/08/2024","33.5690","33.6752","33.8088","33.5615","","-0.28%"
"16/08/2024","33.6632","33.6392","33.9940","33.5339","","0.18%"
"15/08/2024","33.6042","33.6095","33.7179","33.4868","","0.01%"
"14/08/2024","33.5992","33.5393","33.6825","33.4212","","0.21%"
"13/08/2024","33.5301","33.4950","33.6460","33.3650","","0.48%"
"12/08/2024","33.3700","33.5291","33.6455","33.4043","","-0.34%"
"09/08/2024","33.4839","33.5191","33.6470","33.3735","","-0.04%"
"08/08/2024","33.4959","33.4729","33.6085","33.3699","","0.20%"
"07/08/2024","33.4293","33.6010","33.7030","33.3667","","-0.42%"
"06/08/2024","33.5696","33.3534","33.7718","33.1576","","0.73%"
"05/08/2024","33.3248","33.2248","33.4689","33.1530","","0.47%"
"02/08/2024","33.1680","33.1137","33.3339","33.0242","","0.25%"
"01/08/2024","33.0853","33.1509","33.2387","32.9846","","-0.17%"
"31/07/2024","33.1401","33.0888","33.2641","33.0180","","0.18%"
"30/07/2024","33.0794","33.0810","33.1705","32.9571","","0.10%"
"29/07/2024","33.0458","32.9600","33.2287","32.8288","","0.43%"
"26/07/2024","32.9042","32.9500","33.1946","32.8027","","-0.13%"
"25/07/2024","32.9480","32.8225","33.1779","32.7557","","0.51%"
"24/07/2024","32.7792","32.8516","32.9824","32.7294","","-0.22%"
"23/07/2024","32.8527","32.9115","33.1357","32.6804","","-0.17%"
"22/07/2024","32.9085","33.0002","33.2234","32.7612","","-0.44%"
"19/07/2024","33.0549","33.0739","33.2333","32.8955","","0.02%"
"18/07/2024","33.0488","33.0807","33.1745","32.9744","","0.00%"
"17/07/2024","33.0502","33.0522","33.2932","32.9619","","-0.01%"
"16/07/2024","33.0531","32.9971","33.1473","32.9128","","0.26%"
"15/07/2024","32.9686","33.0088","33.1539","32.9186","","-0.16%"
"12/07/2024","33.0214","32.8321","33.1271","32.7682","","0.67%"
"11/07/2024","32.8013","32.8614","33.0121","32.7329","","-0.17%"
"10/07/2024","32.8564","32.8732","33.0793","32.7443","","0.12%"
"09/07/2024","32.8170","32.6861","33.0338","32.6143","","0.44%"
"08/07/2024","32.6745","32.6750","32.8695","32.4850","","0.12%"
"05/07/2024","32.6350","32.5779","32.8740","32.4780","","0.38%"
"04/07/2024","32.5130","32.5514","32.6390","32.4105","","-0.07%"
"03/07/2024","32.5342","32.5494","32.6963","32.4030","","-0.04%"
"02/07/2024","32.5470","32.6550","32.7721","32.4418","","-0.25%"
"01/07/2024","32.6297","32.7728","32.8680","32.5291","","-0.06%"
"28/06/2024","32.6485","32.8650","33.0728","32.5850","","-0.47%"
"27/06/2024","32.8041","32.8446","32.9963","32.7326","","-0.10%"
"26/06/2024","32.8379","32.9544","33.0616","32.7100","","-0.25%"
"25/06/2024","32.9206","32.9192","33.0637","32.7925","","0.01%"
"24/06/2024","32.9169","32.8162","32.9703","32.6834","","0.26%"
"21/06/2024","32.8322","32.8079","32.9660","32.6775","","0.08%"
"20/06/2024","32.8060","32.5269","32.9230","32.4162","","0.93%"
"19/06/2024","32.5024","32.3704","32.7327","32.3704","","0.05%"
"18/06/2024","32.4853","32.8157","32.9141","32.4829","","-0.92%"
"17/06/2024","32.7859","32.7267","32.9220","32.6717","","0.49%"
"14/06/2024","32.6273","32.3116","32.8767","32.2826","","1.08%"
"13/06/2024","32.2788","32.3067","32.4276","32.1573","","-0.09%"
"12/06/2024","32.3064","32.3602","32.4374","32.1871","","-0.05%"
"11/06/2024","32.3221","32.3747","32.4763","32.2380","","-0.05%"
"10/06/2024","32.3374","32.4275","32.5784","32.1580","","0.29%"
"07/06/2024","32.2430","32.2367","32.5483","32.1185","","0.03%"
"06/06/2024","32.2319","32.2566","32.4100","32.0546","","0.00%"
"05/06/2024","32.2303","32.5830","32.7046","32.1248","","-1.06%"
"04/06/2024","32.5745","32.1878","32.6791","32.0570","","1.26%"
"03/06/2024","32.1678","32.2267","32.3203","32.0892","","-0.20%"
"31/05/2024","32.2322","32.2118","32.5459","32.0631","","0.09%"
"30/05/2024","32.2042","32.2560","32.4617","32.1135","","0.07%"
"29/05/2024","32.1825","32.2345","32.3707","32.1052","","-0.16%"
"28/05/2024","32.2335","32.1198","32.3315","31.9362","","0.33%"
"27/05/2024","32.1282","32.2136","32.3523","31.9307","","-0.22%"
"24/05/2024","32.2003","32.1861","32.3366","32.0480","","0.13%"
"23/05/2024","32.1585","32.1970","32.2805","32.0602","","-0.09%"
"22/05/2024","32.1861","32.1970","32.5462","32.0712","","0.20%"
"21/05/2024","32.1226","32.2090","32.3077","32.0694","","-0.03%"
"20/05/2024","32.1327","32.2850","32.3391","32.0275","","-0.20%"
"17/05/2024","32.1987","32.2763","32.4090","32.0647","","-0.23%"
"16/05/2024","32.2716","32.1645","32.3326","32.0385","","0.35%"
"15/05/2024","32.1600","32.2823","32.3845","32.0811","","-0.33%"
"14/05/2024","32.2659","32.2024","32.3840","32.0204","","-0.03%"
"13/05/2024","32.2740","32.2167","32.4631","32.0622","","0.23%"
"10/05/2024","32.1989","32.2861","32.3941","32.0695","","-0.12%"
"09/05/2024","32.2380","32.2475","32.4198","32.0457","","0.04%"
"08/05/2024","32.2239","32.2688","32.5808","32.1358","","-0.09%"
"07/05/2024","32.2515","32.2605","32.3730","32.1167","","-0.03%"
"06/05/2024","32.2624","32.3452","32.6051","32.1196","","-0.22%"
"03/05/2024","32.3346","32.3741","32.5275","32.1666","","0.10%"
"02/05/2024","32.3014","32.4850","32.5266","32.2183","","-0.48%"
"01/05/2024","32.4565","32.4148","32.5776","32.3353","","0.17%"
"30/04/2024","32.4007","32.5064","32.5480","32.1792","","-0.05%"
"29/04/2024","32.4153","32.5080","32.6239","32.1731","","0.04%"
"26/04/2024","32.4036","32.5183","32.6520","32.3056","","-0.34%"
"25/04/2024","32.5152","32.5510","32.6549","32.3826","","-0.07%"
"24/04/2024","32.5393","32.5533","32.6311","32.3922","","0.15%"
"23/04/2024","32.4915","32.5415","32.6901","32.4240","","0.02%"
"22/04/2024","32.4862","32.4992","32.6946","32.3508","","-0.02%"
"19/04/2024","32.4941","32.5279","32.8862","32.2980","","-0.09%"
"18/04/2024","32.5224","32.4218","32.5914","32.3394","","0.43%"
"17/04/2024","32.3816","32.4980","32.6702","32.3278","","-0.01%"
"16/04/2024","32.3857","32.4213","32.5764","32.3056","","-0.05%"
"15/04/2024","32.4013","32.3640","32.6287","32.1775","","0.17%"
"12/04/2024","32.3468","32.3046","33.0275","32.0924","","0.15%"
"11/04/2024","32.2996","32.3009","32.4228","32.1609","","0.07%"
"10/04/2024","32.2779","32.2318","32.3985","32.1253","","0.02%"
"09/04/2024","32.2706","32.0396","32.3697","31.9622","","0.92%"
"08/04/2024","31.9764","32.0303","32.2547","31.8024","","-0.19%"
"05/04/2024","32.0374","31.9115","32.1277","31.7528","","0.52%"
"04/04/2024","31.8703","31.9492","32.0345","31.7744","","-0.24%"
"03/04/2024","31.9485","32.0279","32.1955","31.8378","","-0.30%"
"02/04/2024","32.0436","32.1027","32.4115","31.8862","","-0.10%"
"01/04/2024","32.0750","32.3469","32.5582","31.4914","","-0.84%"
"29/03/2024","32.3460","32.3441","32.6438","32.1479","","0.13%"
"28/03/2024","32.3045","32.2850","32.4294","32.1939","","0.18%"
"27/03/2024","32.2459","32.1829","32.3353","32.0572","","0.22%"
"26/03/2024","32.1737","32.1471","32.2762","32.0561","","0.18%"
"25/03/2024","32.1146","32.0013","32.2793","31.8147","","0.32%"
"22/03/2024","32.0132","32.0734","32.3213","31.7126","","-0.05%"
"21/03/2024","32.0294","32.3923","32.4972","31.6630","","-0.39%"
"20/03/2024","32.1558","32.3604","32.5024","32.1390","","-0.63%"
"19/03/2024","32.3583","32.3118","32.5760","32.2323","","0.35%"
"18/03/2024","32.2460","32.1168","32.5624","32.0715","","0.41%"
"15/03/2024","32.1144","32.1487","32.4403","32.0098","","-0.09%"
"14/03/2024","32.1441","32.0840","32.2877","31.8960","","0.74%"
"13/03/2024","31.9074","32.0639","32.6026","31.9595","","-0.38%"
"12/03/2024","32.0278","32.0233","32.1668","31.9360","","0.26%"
"11/03/2024","31.9448","31.8216","32.1325","31.8078","","0.33%"
"08/03/2024","31.8400","31.8627","32.0261","31.6679","","-0.07%"
"07/03/2024","31.8612","31.7579","31.9315","31.6907","","0.45%"
"06/03/2024","31.7191","31.6781","31.9672","31.5753","","0.30%"
"05/03/2024","31.6239","31.5641","31.8018","31.4816","","0.19%"
"04/03/2024","31.5636","31.4082","31.7748","31.3039","","0.81%"
"01/03/2024","31.3099","31.2395","31.4860","31.1581","","0.39%"
"29/02/2024","31.1883","31.2055","31.3424","31.1033","","0.06%"
"28/02/2024","31.1695","31.1457","31.4385","31.0555","","0.31%"
"27/02/2024","31.0735","31.1172","31.3771","31.0280","","0.10%"
"26/02/2024","31.0430","31.0610","31.3678","30.9853","","0.25%"
"23/02/2024","30.9651","30.7327","31.1714","30.7241","","0.28%"
"22/02/2024","30.8793","30.9886","31.1350","30.6468","","-0.09%"
"21/02/2024","30.9057","30.9240","31.2150","30.8195","","0.02%"
"20/02/2024","30.8981","30.8472","31.1185","30.7502","","0.28%"
"19/02/2024","30.8121","30.8450","30.9900","30.6877","","-0.02%"
"16/02/2024","30.8182","30.7504","30.9060","30.6413","","0.33%"
"15/02/2024","30.7180","30.7490","31.1329","30.4871","","-0.05%"
"14/02/2024","30.7349","30.7208","30.9395","30.6238","","0.07%"
"13/02/2024","30.7148","30.7166","30.8037","30.5391","","0.24%"
"12/02/2024","30.6403","30.6733","30.8100","30.5246","","0.27%"
"09/02/2024","30.5580","30.6012","30.7994","30.1707","","-0.04%"
"08/02/2024","30.5696","30.5735","30.6930","30.4075","","0.10%"
"07/02/2024","30.5401","30.4050","30.7238","30.3687","","0.70%"
"06/02/2024","30.3276","30.5420","30.8417","30.2846","","-0.68%"
"05/02/2024","30.5341","30.5016","30.7049","30.3659","","0.44%"
"02/02/2024","30.3990","30.3442","30.6622","30.2866","","0.43%"
"01/02/2024","30.2700","30.3406","30.4545","30.2330","","-0.15%"
"31/01/2024","30.3151","30.3426","30.4685","30.1420","","-0.03%"
"30/01/2024","30.3239","30.3438","30.4860","30.2433","","0.04%"
"29/01/2024","30.3123","30.2575","30.4476","30.1751","","0.13%"
"26/01/2024","30.2743","30.2638","30.6496","29.9272","","0.13%"
"25/01/2024","30.2347","30.2318","30.3659","30.1398","","0.02%"
"24/01/2024","30.2285","30.2778","30.4284","29.9869","","0.03%"
"23/01/2024","30.2182","30.2691","30.4130","29.9452","","0.00%"
"22/01/2024","30.2192","30.2091","30.3144","30.1117","","0.06%"
"19/01/2024","30.2017","30.1300","30.3146","30.0555","","0.30%"
"18/01/2024","30.1101","30.1309","30.2719","30.0226","","0.06%"
"17/01/2024","30.0906","30.0922","30.2140","30.0015","","0.25%"
"16/01/2024","30.0168","30.0814","30.3616","29.7918","","-0.19%"
"15/01/2024","30.0743","30.0753","30.2442","29.8075","","0.04%"
"12/01/2024","30.0636","30.0073","30.5469","29.9095","","0.33%"
"11/01/2024","29.9642","29.9700","30.0767","29.7243","","0.04%"
"10/01/2024","29.9519","29.9464","30.0480","29.8230","","0.29%"
"09/01/2024","29.8658","29.8944","30.0215","29.8105","","-0.03%"
"08/01/2024","29.8761","29.8248","29.9806","29.7125","","0.19%"
"05/01/2024","29.8202","29.7527","29.9391","29.6860","","0.24%"
"04/01/2024","29.7490","29.7764","29.9119","29.6513","","0.19%"
"03/01/2024","29.6927","29.7346","29.9611","29.6475","","0.05%"
"02/01/2024","29.6770","29.5648","29.8270","29.5125","","0.48%"
"01/01/2024","29.5364","29.4477","29.6600","29.4477","","0.20%"
"29/12/2023","29.4766","29.4308","29.7808","29.1931","","0.23%"
"28/12/2023","29.4094","29.3471","29.5333","29.2971","","0.12%"
"27/12/2023","29.3733","29.2461","29.4710","29.1500","","0.65%"
"26/12/2023","29.1831","29.3193","29.4013","29.1380","","-0.22%"
"25/12/2023","29.2464","29.1425","29.3682","28.9514","","0.17%"
"22/12/2023","29.1982","29.1417","29.4343","29.0505","","0.32%"
"21/12/2023","29.1056","29.1333","29.2707","29.0222","","-0.02%"
"20/12/2023","29.1117","29.0918","29.1928","28.9883","","0.14%"
"19/12/2023","29.0701","29.0593","29.1749","28.9457","","0.11%"
"18/12/2023","29.0376","29.0000","29.1273","28.8654","","0.30%"
"15/12/2023","28.9511","28.9870","29.1350","28.8513","","-0.06%"
"14/12/2023","28.9673","28.9734","29.1101","28.8475","","0.07%"
"13/12/2023","28.9457","28.9822","29.1547","28.8625","","0.15%"
"12/12/2023","28.9031","28.9550","29.1170","28.8545","","-0.14%"
"11/12/2023","28.9434","28.9453","29.1292","28.8442","","0.30%"
"08/12/2023","28.8557","28.9234","29.1213","28.8176","","-0.23%"
"07/12/2023","28.9211","28.8895","29.0140","28.7992","","0.17%"
"06/12/2023","28.8728","28.9005","29.0233","28.7852","","0.00%"
"05/12/2023","28.8724","28.9284","29.0231","28.7771","","-0.20%"
"04/12/2023","28.9293","28.9128","29.1292","28.7631","","0.14%"
"01/12/2023","28.8885","28.8743","29.0180","28.6971","","0.12%"
"30/11/2023","28.8552","28.9249","29.0315","28.6602","","-0.08%"
"29/11/2023","28.8787","28.9164","29.0214","28.7838","","-0.04%"
"28/11/2023","28.8900","28.9069","29.0112","28.7915","","0.03%"
"27/11/2023","28.8823","28.8656","28.9945","28.7475","","0.08%"
"24/11/2023","28.8606","28.8222","28.9881","28.7283","","0.28%"
"23/11/2023","28.7799","28.8333","28.9496","28.4885","","-0.17%"
"22/11/2023","28.8282","28.7809","28.9269","28.6871","","0.21%"
"21/11/2023","28.7688","28.7591","28.8811","28.5900","","0.27%"
"20/11/2023","28.6900","28.6770","28.8538","28.5550","","0.12%"
"17/11/2023","28.6545","28.6095","28.8794","28.4230","","0.39%"
"16/11/2023","28.5422","28.6758","28.7955","28.5189","","-0.39%"
"15/11/2023","28.6553","28.6228","28.8522","28.3692","","0.13%"
"14/11/2023","28.6189","28.5990","28.7747","28.4963","","0.20%"
"13/11/2023","28.5604","28.5450","28.6851","28.4350","","0.12%"
"10/11/2023","28.5251","28.4725","28.8050","28.4030","","0.40%"
"09/11/2023","28.4110","28.4681","28.6089","28.3575","","-0.08%"
"08/11/2023","28.4324","28.4882","28.6161","28.3404","","-0.06%"
"07/11/2023","28.4483","28.4428","28.6687","28.3345","","0.30%"
"06/11/2023","28.3618","28.2150","28.5210","28.2150","","-0.06%"
"03/11/2023","28.3775","28.3534","28.6173","28.1940","","0.22%"
"02/11/2023","28.3161","28.3248","28.4791","28.1595","","0.01%"
"01/11/2023","28.3125","28.3123","28.4125","28.1150","","0.13%"
"31/10/2023","28.2752","28.2602","28.4988","28.0940","","0.16%"
"30/10/2023","28.2289","28.2296","28.4035","28.0220","","0.23%"
"27/10/2023","28.1636","28.1656","28.3487","27.9522","","0.13%"
"26/10/2023","28.1282","28.1306","28.3807","27.9815","","0.05%"
"25/10/2023","28.1139","28.1019","28.3559","27.9986","","0.05%"
"24/10/2023","28.1008","28.0813","28.2477","27.9375","","0.15%"
"23/10/2023","28.0588","27.9997","28.1653","27.9092","","0.40%"
"20/10/2023","27.9483","27.9721","28.2586","27.7346","","-0.03%"
"19/10/2023","27.9569","28.0050","28.2200","27.8645","","-0.15%"
"18/10/2023","27.9978","27.9005","28.2640","27.8402","","0.28%"
"17/10/2023","27.9187","27.8620","28.0576","27.6243","","0.23%"
"16/10/2023","27.8552","27.8040","27.9890","27.6026","","0.34%"
"13/10/2023","27.7612","27.7442","27.9603","27.6529","","0.24%"
"12/10/2023","27.6950","27.7024","27.8321","27.5934","","-0.01%"
"11/10/2023","27.6979","27.7269","27.9132","27.5410","","-0.03%"
"10/10/2023","27.7050","27.6978","28.0058","27.5370","","0.14%"
"09/10/2023","27.6650","27.6298","28.2213","27.4286","","0.45%"
"06/10/2023","27.5405","27.5645","27.9565","27.4118","","0.12%"
"05/10/2023","27.5067","27.5683","27.6572","27.3555","","0.04%"
"04/10/2023","27.4944","27.4828","27.7523","27.3795","","0.11%"
"03/10/2023","27.4633","27.4645","27.7148","27.3550","","0.14%"
"02/10/2023","27.4241","27.4042","27.8160","27.2744","","0.19%"
"29/09/2023","27.3712","27.3835","27.6716","27.2854","","0.03%"
"28/09/2023","27.3628","27.0666","27.5274","27.0259","","1.98%"
"27/09/2023","26.8303","27.2509","27.8100","26.8890","","-1.55%"
"26/09/2023","27.2514","27.2199","27.6140","27.0933","","0.26%"
"25/09/2023","27.1807","27.1700","27.3466","27.0657","","0.28%"
"22/09/2023","27.1038","27.1168","27.4477","27.0217","","-0.03%"
"21/09/2023","27.1121","27.0217","27.2389","26.6712","","0.49%"
"20/09/2023","26.9806","27.0167","27.1866","26.7194","","0.14%"
"19/09/2023","26.9440","27.0178","27.2183","26.7614","","-0.25%"
"18/09/2023","27.0121","26.9947","27.1066","26.7655","","0.35%"
"15/09/2023","26.9191","26.9489","27.2100","26.8004","","0.21%"
"14/09/2023","26.8625","26.9415","27.3548","26.8051","","-0.22%"
"13/09/2023","26.9215","26.8896","27.1423","26.7940","","0.27%"
"12/09/2023","26.8494","26.8757","27.1717","26.7057","","0.17%"
"11/09/2023","26.8047","26.8502","26.9743","26.5994","","-0.07%"
"08/09/2023","26.8228","26.8340","27.0792","26.7201","","0.15%"
"07/09/2023","26.7827","26.8200","27.1250","26.6471","","-0.04%"
"06/09/2023","26.7923","26.7756","26.9375","26.4571","","0.10%"
"05/09/2023","26.7646","26.7502","26.9065","26.5217","","0.09%"
"04/09/2023","26.7395","26.7167","26.9525","26.4798","","0.41%"
"01/09/2023","26.6311","26.6979","26.8312","26.5807","","-0.07%"
"31/08/2023","26.6502","26.7079","26.8719","26.5130","","-0.14%"
"30/08/2023","26.6868","26.5542","26.8545","26.3807","","0.50%"
"29/08/2023","26.5544","26.4894","26.7425","25.7953","","0.19%"
"28/08/2023","26.5030","26.3550","26.6710","26.3265","","-0.16%"
"25/08/2023","26.5465","25.7231","26.6600","25.6683","","2.96%"
"24/08/2023","25.7824","27.1961","27.3724","25.1590","","-5.14%"
"23/08/2023","27.1792","27.2045","27.3822","27.0467","","-0.03%"
"22/08/2023","27.1866","27.1572","27.3752","27.0106","","0.18%"
"21/08/2023","27.1390","27.1112","27.3064","26.9710","","0.40%"
"18/08/2023","27.0307","27.1071","27.2757","26.9325","","0.00%"
"17/08/2023","27.0317","27.0670","27.2890","26.9375","","-0.02%"
"16/08/2023","27.0381","27.0620","27.1735","26.9200","","-0.02%"
"15/08/2023","27.0440","27.0410","27.1917","26.8923","","0.11%"
"14/08/2023","27.0136","26.9538","27.3264","26.7817","","0.56%"
"11/08/2023","26.8632","27.0115","27.3167","26.8213","","-0.50%"
"10/08/2023","26.9986","27.0107","27.1789","26.5399","","0.04%"
"09/08/2023","26.9891","26.9798","27.3439","26.8283","","0.04%"
"08/08/2023","26.9794","26.9874","27.4184","26.8496","","0.02%"
"07/08/2023","26.9746","26.9748","27.1342","26.8132","","0.14%"
"04/08/2023","26.9371","26.9766","27.4131","26.8148","","-0.11%"
"03/08/2023","26.9670","26.9605","27.4725","26.8470","","0.04%"
"02/08/2023","26.9564","26.9657","27.3352","26.8210","","0.23%"
"01/08/2023","26.8938","26.9289","27.2537","26.8245","","-0.01%"
"31/07/2023","26.8955","26.8701","27.0768","26.7973","","-0.02%"
"28/07/2023","26.9003","26.9510","27.1623","26.7953","","-0.14%"
"27/07/2023","26.9392","26.9352","27.1229","26.7569","","0.08%"
"26/07/2023","26.9177","26.8995","27.0845","26.7190","","0.10%"
"25/07/2023","26.8918","26.9506","27.1814","26.7765","","-0.11%"
"24/07/2023","26.9217","26.9204","27.1812","26.7398","","-0.19%"
"21/07/2023","26.9729","26.7480","27.0825","26.6651","","0.92%"
"20/07/2023","26.7257","26.7927","27.1495","26.6192","","-0.18%"
"19/07/2023","26.7736","26.9252","27.3188","26.6133","","-0.54%"
"18/07/2023","26.9187","26.3508","27.1220","26.2227","","2.22%"
"17/07/2023","26.3351","26.1702","26.4592","25.9249","","0.92%"
"14/07/2023","26.0953","26.0419","26.3486","25.9564","","0.36%"
"13/07/2023","26.0026","26.1458","26.2966","25.9604","","-0.50%"
"12/07/2023","26.1328","26.1173","26.2700","25.9801","","0.54%"
"11/07/2023","25.9922","26.0973","26.2929","25.9158","","-0.39%"
"10/07/2023","26.0952","26.0676","26.2090","25.8712","","0.15%"
"07/07/2023","26.0552","26.0853","26.2651","25.8855","","-0.10%"
"06/07/2023","26.0823","26.0774","26.2878","25.6866","","0.03%"
"05/07/2023","26.0732","25.9993","26.2346","25.8414","","0.29%"
"04/07/2023","25.9966","25.9416","26.1987","25.7159","","0.35%"
"03/07/2023","25.9059","26.0510","26.2235","25.7132","","-0.54%"
"30/06/2023","26.0461","26.0378","26.1427","25.8298","","0.09%"
"29/06/2023","26.0235","26.0501","26.1373","25.9065","","-0.09%"
"28/06/2023","26.0481","26.0201","26.2304","25.8540","","0.18%"
"27/06/2023","26.0014","25.8861","26.2411","25.4209","","0.34%"
"26/06/2023","25.9137","25.2766","26.1788","25.0712","","2.70%"
"23/06/2023","25.2330","24.8850","26.0300","24.6885","","1.39%"
"22/06/2023","24.8877","23.5827","25.0060","23.3834","","5.78%"
"21/06/2023","23.5273","23.5715","23.7155","23.3689","","-0.10%"
"20/06/2023","23.5506","23.6109","23.7517","23.4412","","-0.25%"
"19/06/2023","23.6085","23.5800","23.7725","23.4298","","-0.03%"
"16/06/2023","23.6154","23.6601","23.7790","23.4510","","-0.18%"
"15/06/2023","23.6576","23.5641","23.7736","23.4322","","0.46%"
"14/06/2023","23.5483","23.6315","23.7662","23.3774","","-0.31%"
"13/06/2023","23.6215","23.6259","23.8066","23.3890","","0.00%"
"12/06/2023","23.6208","23.3994","23.7932","23.3771","","1.08%"
"09/06/2023","23.3673","23.1251","23.6189","23.0534","","1.06%"
"08/06/2023","23.1219","23.2480","23.5260","23.0164","","-0.53%"
"07/06/2023","23.2458","21.5740","23.3885","21.5734","","7.76%"
"06/06/2023","21.5719","21.2618","21.6451","21.1910","","1.47%"
"05/06/2023","21.2590","21.0019","21.3547","20.9089","","1.43%"
"02/06/2023","20.9589","20.8084","21.0292","20.6590","","0.77%"
"01/06/2023","20.7988","20.7993","20.9356","20.6165","","0.01%"
"31/05/2023","20.7973","20.4868","20.8990","20.3840","","1.60%"
"30/05/2023","20.4706","20.1042","20.5428","20.0380","","1.88%"
"29/05/2023","20.0919","19.9977","20.2169","19.8875","","0.81%"
"26/05/2023","19.9309","19.9394","20.1728","19.8120","","-0.01%"
"25/05/2023","19.9319","19.8967","20.0404","19.7805","","0.21%"
"24/05/2023","19.8897","19.8584","20.0028","19.7365","","0.22%"
"23/05/2023","19.8458","19.8302","20.3130","19.7165","","0.08%"
"22/05/2023","19.8308","19.8235","20.1600","19.6707","","0.23%"
"19/05/2023","19.7860","19.7982","19.9171","19.6405","","0.01%"
"18/05/2023","19.7844","19.7554","19.9020","19.6199","","0.21%"
"17/05/2023","19.7422","19.7260","19.8715","19.5788","","0.10%"
"16/05/2023","19.7229","19.6699","19.8290","19.5696","","0.36%"
"15/05/2023","19.6520","19.6140","19.7804","19.4798","","0.47%"
"12/05/2023","19.5600","19.5595","19.7355","19.4123","","0.10%"
"11/05/2023","19.5404","19.5443","19.7001","19.4249","","0.01%"
"10/05/2023","19.5378","19.5210","19.6588","19.3785","","0.19%"
"09/05/2023","19.5016","19.5075","19.6248","19.3993","","0.01%"
"08/05/2023","19.4994","19.5000","19.6313","19.3624","","-0.09%"
"05/05/2023","19.5172","19.4961","19.6155","19.3750","","0.13%"
"04/05/2023","19.4926","19.4753","19.5942","19.3630","","0.18%"
"03/05/2023","19.4581","19.4704","19.5849","19.3638","","0.06%"
"02/05/2023","19.4461","19.4573","19.5755","19.3490","","0.09%"
"01/05/2023","19.4282","19.4425","19.5413","19.3490","","-0.10%"
"28/04/2023","19.4478","19.4364","19.5609","19.3323","","0.07%"
"27/04/2023","19.4341","19.4231","19.5485","19.3115","","0.19%"
"26/04/2023","19.3972","19.4271","19.5385","19.3165","","-0.14%"
"25/04/2023","19.4245","19.3780","19.5270","19.2935","","0.07%"
"24/04/2023","19.4109","19.4042","19.5015","19.3033","","0.19%"
"21/04/2023","19.3741","19.4050","19.4865","19.3118","","-0.14%"
"20/04/2023","19.4010","19.3982","19.5086","19.2950","","0.08%"
"19/04/2023","19.3855","19.3874","19.5235","19.2868","","0.00%"
"18/04/2023","19.3857","19.3936","19.5091","19.2760","","0.00%"
"17/04/2023","19.3861","19.3653","19.5148","19.2652","","0.21%"
"14/04/2023","19.3446","19.3323","19.4725","19.2355","","0.16%"
"13/04/2023","19.3132","19.3128","19.4436","19.2232","","0.05%"
"12/04/2023","19.3030","19.2879","19.4079","19.1945","","0.12%"
"11/04/2023","19.2803","19.2758","19.3878","19.1780","","0.05%"
"10/04/2023","19.2707","19.2485","19.3696","19.1545","","0.22%"
"07/04/2023","19.2283","19.2518","19.3592","19.1357","","-0.09%"
"06/04/2023","19.2454","19.2444","19.5240","19.1507","","0.03%"
"05/04/2023","19.2394","19.2180","19.3483","19.1166","","0.17%"
"04/04/2023","19.2062","19.1952","19.3202","19.0923","","0.16%"
"03/04/2023","19.1749","19.1863","19.2932","19.0898","","0.09%"
"31/03/2023","19.1582","19.1726","19.2887","19.0660","","-0.05%"
"30/03/2023","19.1676","19.1385","19.2720","19.0386","","0.29%"
"29/03/2023","19.1126","19.1164","19.2393","19.0187","","0.01%"
"28/03/2023","19.1115","19.0922","19.2281","19.0009","","0.11%"
"27/03/2023","19.0898","19.0589","19.1880","18.9700","","0.23%"
"24/03/2023","19.0457","19.0392","19.2557","18.9500","","0.22%"
"23/03/2023","19.0046","19.0427","19.1469","18.9163","","-0.17%"
"22/03/2023","19.0371","19.0317","19.1353","18.9294","","0.12%"
"21/03/2023","19.0150","19.0091","19.1236","18.8022","","0.09%"
"20/03/2023","18.9983","19.0111","19.1090","18.9035","","-0.06%"
"17/03/2023","19.0095","19.0027","19.1043","18.9030","","0.18%"
"16/03/2023","18.9761","18.9888","19.1400","18.6445","","0.01%"
"15/03/2023","18.9746","18.9750","19.3368","18.8780","","0.00%"
"14/03/2023","18.9747","18.9693","19.1220","18.8040","","0.04%"
"13/03/2023","18.9664","18.9548","19.1120","18.7880","","0.06%"
"10/03/2023","18.9551","18.9522","19.0727","18.8230","","0.04%"
"09/03/2023","18.9479","18.9368","19.0595","18.8237","","0.12%"
"08/03/2023","18.9257","18.9219","19.0535","18.8202","","0.19%"
"07/03/2023","18.8901","18.8995","19.0373","18.7871","","-0.04%"
"06/03/2023","18.8974","18.8244","18.9994","18.7585","","0.41%"
"03/03/2023","18.8195","18.8648","18.9881","18.7062","","-0.24%"
"02/03/2023","18.8639","18.8845","18.9804","18.7804","","-0.08%"
"01/03/2023","18.8795","18.8847","18.9678","18.7855","","0.02%"
"28/02/2023","18.8761","18.8839","19.0166","18.7715","","-0.02%"
"27/02/2023","18.8793","18.8620","19.0019","18.7587","","0.06%"
"24/02/2023","18.8676","18.8813","18.9707","18.7621","","-0.02%"
"23/02/2023","18.8721","18.8702","18.9592","18.7750","","0.13%"
"22/02/2023","18.8467","18.8715","18.9584","18.7509","","-0.07%"
"21/02/2023","18.8608","18.8748","18.9641","18.7568","","-0.06%"
"20/02/2023","18.8727","18.8590","18.9583","18.7494","","0.25%"
"17/02/2023","18.8247","18.8481","18.9541","18.7475","","-0.07%"
"16/02/2023","18.8380","18.8513","18.9431","18.7472","","0.01%"
"15/02/2023","18.8359","18.8395","19.0370","18.7355","","0.02%"
"14/02/2023","18.8315","18.8390","18.9309","18.7367","","0.01%"
"13/02/2023","18.8288","18.8155","18.9211","18.7157","","0.10%"
"10/02/2023","18.8107","18.8286","18.9254","18.7248","","-0.05%"
"09/02/2023","18.8199","18.8290","18.9139","18.7348","","-0.02%"
"08/02/2023","18.8232","18.8249","18.9230","18.7309","","0.05%"
"07/02/2023","18.8146","18.8258","18.9179","18.7215","","0.00%"
"06/02/2023","18.8137","18.8207","18.9170","18.7122","","-0.03%"
"03/02/2023","18.8186","18.8067","18.9217","18.7189","","0.14%"
"02/02/2023","18.7920","18.8067","18.8968","18.7143","","-0.02%"
"01/02/2023","18.7964","18.8115","18.9091","18.7140","","-0.05%"
"31/01/2023","18.8064","18.7903","18.9014","18.6956","","0.11%"
"30/01/2023","18.7851","18.8110","18.9114","18.6870","","-0.12%"
"27/01/2023","18.8079","18.8039","18.8930","18.7101","","0.06%"
"26/01/2023","18.7963","18.7973","18.8945","18.7055","","0.11%"
"25/01/2023","18.7753","18.8267","18.9004","18.7074","","-0.25%"
"24/01/2023","18.8230","18.8113","18.8939","18.5960","","0.09%"
"23/01/2023","18.8052","18.7611","18.9013","18.6800","","0.25%"
"20/01/2023","18.7579","18.7602","18.9004","18.6820","","0.00%"
"19/01/2023","18.7578","18.7621","18.8766","18.6785","","-0.01%"
"18/01/2023","18.7588","18.7526","18.8760","18.6705","","0.27%"
"17/01/2023","18.7083","18.7914","18.8759","18.6634","","-0.46%"
"16/01/2023","18.7956","18.8027","18.8914","18.6900","","0.08%"
"13/01/2023","18.7806","18.7808","18.8816","18.6825","","0.05%"
"12/01/2023","18.7709","18.7775","18.8655","18.6700","","-0.02%"
"11/01/2023","18.7754","18.7782","18.8827","18.6704","","0.01%"
"10/01/2023","18.7738","18.7757","18.8652","18.5917","","0.05%"
"09/01/2023","18.7652","18.7349","18.8731","18.6280","","0.07%"
"06/01/2023","18.7524","18.7647","18.8682","18.6402","","-0.05%"
"05/01/2023","18.7616","18.7439","18.8535","18.6455","","0.12%"
"04/01/2023","18.7387","18.7292","18.8304","18.6346","","0.15%"
"03/01/2023","18.7108","18.7148","18.8168","18.6084","","-0.01%"
"02/01/2023","18.7120","18.6985","18.8157","18.5790","","0.13%"
"30/12/2022","18.6883","18.7097","18.8008","18.5996","","-0.03%"
"29/12/2022","18.6941","18.7185","18.8044","18.6116","","-0.12%"
"28/12/2022","18.7157","18.7020","18.8111","18.5680","","0.26%"
"27/12/2022","18.6669","18.6855","18.8229","18.5690","","0.03%"
"26/12/2022","18.6618","18.6622","18.7917","18.5413","","-0.01%"
"23/12/2022","18.6637","18.6653","18.7838","18.5655","","0.11%"
"22/12/2022","18.6424","18.6570","18.7665","18.5611","","-0.17%"
"21/12/2022","18.6749","18.6621","18.7715","18.5555","","0.14%"
"20/12/2022","18.6479","18.6527","18.7523","18.5540","","0.03%"
"19/12/2022","18.6426","18.6380","18.7441","18.5542","","0.04%"
"16/12/2022","18.6343","18.6397","18.7460","18.5420","","-0.01%"
"15/12/2022","18.6368","18.6280","18.7416","18.5012","","0.07%"
"14/12/2022","18.6232","18.6197","18.7304","18.4955","","0.26%"
"13/12/2022","18.5750","18.6399","18.7658","18.4940","","-0.31%"
"12/12/2022","18.6325","18.6479","18.7409","18.5245","","-0.10%"
"09/12/2022","18.6503","18.6423","18.7409","18.5390","","0.10%"
"08/12/2022","18.6324","18.6414","18.7321","18.5352","","-0.02%"
"07/12/2022","18.6355","18.6322","18.7265","18.5306","","0.06%"
"06/12/2022","18.6240","18.6446","18.7261","18.5271","","0.01%"
"05/12/2022","18.6227","18.6344","18.7593","18.5301","","-0.04%"
"02/12/2022","18.6303","18.6376","18.7444","18.5380","","-0.01%"
"01/12/2022","18.6313","18.6126","18.7341","18.5185","","0.22%"
"30/11/2022","18.5895","18.6387","18.7360","18.5242","","-0.26%"
"29/11/2022","18.6374","18.6306","18.7444","18.5103","","0.11%"
"28/11/2022","18.6166","18.5930","18.7174","18.5025","","0.17%"
"25/11/2022","18.5851","18.6098","18.7223","18.5163","","-0.07%"
"24/11/2022","18.5986","18.6172","18.7202","18.5118","","-0.04%"
"23/11/2022","18.6062","18.6133","18.7113","18.5103","","-0.01%"
"22/11/2022","18.6081","18.6213","18.7201","18.5105","","-0.02%"
"21/11/2022","18.6118","18.6223","18.7105","18.4883","","0.12%"
"18/11/2022","18.5889","18.5879","18.7065","18.4980","","0.16%"
"17/11/2022","18.5599","18.6105","18.7005","18.4860","","-0.17%"
"16/11/2022","18.5920","18.6111","18.7106","18.4985","","-0.05%"
"15/11/2022","18.6020","18.6191","18.7003","18.4899","","0.09%"
"14/11/2022","18.5846","18.5631","18.6933","18.4329","","0.08%"
"11/11/2022","18.5705","18.4889","18.6675","18.3850","","0.49%"
"10/11/2022","18.4798","18.5911","18.7185","18.4219","","-0.57%"
"09/11/2022","18.5857","18.5361","18.6927","18.4490","","0.31%"
"08/11/2022","18.5284","18.4453","18.6810","18.3814","","0.46%"
"07/11/2022","18.4431","18.5682","18.6981","18.4070","","-0.66%"
"04/11/2022","18.5657","18.6174","18.7242","18.4721","","-0.26%"
"03/11/2022","18.6144","18.6291","18.7116","18.5183","","-0.04%"
"02/11/2022","18.6219","18.5833","18.7135","18.4958","","0.30%"
"01/11/2022","18.5657","18.6149","18.7119","18.4783","","-0.14%"
"31/10/2022","18.5920","18.5940","18.7073","18.4976","","0.06%"
"28/10/2022","18.5813","18.6001","18.7077","18.4969","","-0.09%"
"27/10/2022","18.5974","18.6049","18.7110","18.4395","","0.03%"
"26/10/2022","18.5911","18.6050","18.7009","18.4850","","0.01%"
"25/10/2022","18.5895","18.6072","18.6996","18.4795","","-0.08%"
"24/10/2022","18.6036","18.5960","18.6979","18.4720","","0.08%"
"21/10/2022","18.5884","18.5980","18.6934","18.4827","","0.01%"
"20/10/2022","18.5868","18.5908","18.6844","18.4688","","-0.01%"
"19/10/2022","18.5887","18.5879","18.6813","18.4518","","0.05%"
"18/10/2022","18.5794","18.5808","18.6781","18.4631","","0.10%"
"17/10/2022","18.5610","18.5760","18.6721","18.4789","","0.01%"
"14/10/2022","18.5585","18.5540","18.6713","18.4545","","0.20%"
"13/10/2022","18.5218","18.5676","18.6705","18.4543","","-0.19%"
"12/10/2022","18.5571","18.5920","18.6791","18.4592","","-0.16%"
"11/10/2022","18.5875","18.5795","18.7060","18.4784","","0.07%"
"10/10/2022","18.5737","18.5823","18.6870","18.4531","","0.06%"
"07/10/2022","18.5620","18.5756","18.6915","18.4802","","-0.05%"
"06/10/2022","18.5719","18.5694","18.6810","18.4683","","1.00%"
"05/10/2022","18.3880","18.5780","18.6931","18.4636","","-0.96%"
"04/10/2022","18.5668","18.5489","18.6655","18.3570","","0.13%"
"03/10/2022","18.5428","18.4895","18.6460","18.4065","","0.23%"
"30/09/2022","18.5000","18.4987","18.6262","18.4018","","0.02%"
"29/09/2022","18.4961","18.5113","18.6195","18.4266","","-0.04%"
"28/09/2022","18.5040","18.4385","18.6045","18.3567","","0.38%"
"27/09/2022","18.4332","18.4592","18.5808","18.3382","","0.00%"
"26/09/2022","18.4327","18.4040","18.5434","18.3223","","0.11%"
"23/09/2022","18.4131","18.3420","18.4900","18.2493","","0.50%"
"22/09/2022","18.3212","18.3285","18.4546","18.2455","","-0.01%"
"21/09/2022","18.3230","18.3068","18.4123","18.2000","","0.12%"
"20/09/2022","18.3015","18.2865","18.3958","18.1950","","0.12%"
"19/09/2022","18.2803","18.2565","18.3745","18.1649","","0.14%"
"16/09/2022","18.2543","18.2662","18.3586","18.1525","","-0.05%"
"15/09/2022","18.2638","18.2374","18.3520","18.1546","","0.17%"
"14/09/2022","18.2331","18.2499","18.3420","18.1535","","-0.05%"
"13/09/2022","18.2430","18.2244","18.3312","18.1350","","0.15%"
"12/09/2022","18.2152","18.2233","18.3270","18.1333","","-0.10%"
"09/09/2022","18.2334","18.2336","18.3310","18.1355","","0.03%"
"08/09/2022","18.2281","18.2274","18.3300","18.1280","","0.06%"
"07/09/2022","18.2174","18.2246","18.3235","18.1135","","0.02%"
"06/09/2022","18.2146","18.2189","18.3228","18.1182","","0.02%"
"05/09/2022","18.2108","18.1971","18.3090","18.1219","","0.18%"
"02/09/2022","18.1777","18.2047","18.3443","18.1138","","-0.12%"
"01/09/2022","18.1993","18.1976","18.2462","18.1510","","0.07%"
"31/08/2022","18.1868","18.1841","18.2910","18.0810","","0.12%"
"30/08/2022","18.1650","18.1822","18.2131","18.1425","","-0.07%"
"29/08/2022","18.1772","18.1647","18.2720","18.0802","","0.19%"
"26/08/2022","18.1433","18.1702","18.3405","18.0705","","-0.12%"
"25/08/2022","18.1653","18.1514","18.2480","18.0498","","0.15%"
"24/08/2022","18.1386","18.1137","18.2275","18.0170","","0.23%"
"23/08/2022","18.0973","18.0720","18.2070","17.9849","","0.27%"
"22/08/2022","18.0480","18.0807","18.2295","17.9951","","-0.20%"
"19/08/2022","18.0850","18.0322","18.1956","17.9719","","0.43%"
"18/08/2022","18.0075","17.9507","18.1503","17.8548","","0.40%"
"17/08/2022","17.9349","17.9319","18.0472","17.8395","","0.14%"
"16/08/2022","17.9095","17.9588","18.0523","17.8344","","-0.23%"
"15/08/2022","17.9500","17.9324","18.0514","17.8227","","0.10%"
"12/08/2022","17.9324","17.9449","18.0592","17.8158","","-0.01%"
"11/08/2022","17.9336","17.8741","18.0337","17.7891","","0.35%"
"10/08/2022","17.8708","17.9018","18.0354","17.7650","","-0.11%"
"09/08/2022","17.8907","17.9381","18.0483","17.6443","","-0.11%"
"08/08/2022","17.9106","17.9116","18.0553","17.8303","","0.00%"
"05/08/2022","17.9101","17.9274","18.0545","17.8174","","-0.05%"
"04/08/2022","17.9197","17.9412","18.0506","17.8118","","-0.09%"
"03/08/2022","17.9367","17.9447","18.0594","17.8459","","0.06%"
"02/08/2022","17.9253","17.9014","18.0382","17.8285","","0.15%"
"01/08/2022","17.8987","17.9084","18.0415","17.7723","","-0.07%"
"29/07/2022","17.9114","17.9132","18.0470","17.7005","","0.04%"
"28/07/2022","17.9049","17.8873","18.0105","17.7615","","0.22%"
"27/07/2022","17.8651","17.8618","17.9851","17.7522","","0.03%"
"26/07/2022","17.8592","17.8038","17.9436","17.5712","","0.51%"
"25/07/2022","17.7679","17.7394","17.9040","17.6622","","0.29%"
"22/07/2022","17.7173","17.7157","17.8305","17.5391","","0.05%"
"21/07/2022","17.7084","17.6057","17.7909","17.4717","","0.60%"
"20/07/2022","17.6034","17.5635","17.6856","17.3597","","0.27%"
"19/07/2022","17.5562","17.4624","17.6515","17.3719","","0.72%"
"18/07/2022","17.4309","17.3521","17.5677","17.2558","","0.21%"
"15/07/2022","17.3950","17.4469","17.5028","17.2601","","-0.06%"
"14/07/2022","17.4047","17.4292","17.5660","17.3179","","0.04%"
"13/07/2022","17.3974","17.3164","17.4996","17.2043","","0.56%"
"12/07/2022","17.3000","17.3743","17.4192","17.2384","","-0.32%"
"11/07/2022","17.3555","17.2738","17.4091","17.2438","","0.50%"
"08/07/2022","17.2683","17.2714","17.3968","17.1456","","-0.01%"
"07/07/2022","17.2693","17.2269","17.3882","17.1319","","0.35%"
"06/07/2022","17.2098","16.9999","17.2725","16.8820","","1.47%"
"05/07/2022","16.9608","16.8161","17.0568","16.7122","","0.98%"
"04/07/2022","16.7967","16.7634","16.8850","16.6516","","0.21%"
"01/07/2022","16.7613","16.6968","16.8340","16.5898","","0.41%"
"30/06/2022","16.6933","16.6388","16.8492","16.4770","","0.34%"
"29/06/2022","16.6368","16.6744","16.8175","16.4470","","-0.22%"
"28/06/2022","16.6732","16.5583","16.7339","16.4385","","0.91%"
"27/06/2022","16.5229","16.8648","16.8944","16.0022","","-2.15%"
"24/06/2022","16.8860","17.3564","17.4584","16.4858","","-2.69%"
"23/06/2022","17.3532","17.3375","17.4585","17.2364","","0.09%"
"22/06/2022","17.3370","17.3377","17.4624","17.2370","","-0.01%"
"21/06/2022","17.3387","17.3344","17.4326","17.1990","","0.10%"
"20/06/2022","17.3219","17.3165","17.4406","17.2070","","-0.02%"
"17/06/2022","17.3255","17.3038","17.3578","17.2460","","0.15%"
"16/06/2022","17.2999","17.2422","17.3920","17.1518","","0.43%"
"15/06/2022","17.2254","17.2733","17.3667","17.1405","","-0.21%"
"14/06/2022","17.2611","17.2640","17.3611","17.1100","","0.07%"
"13/06/2022","17.2486","17.1489","17.3496","16.9430","","1.04%"
"10/06/2022","17.0718","17.1960","17.3315","16.8295","","-0.69%"
"09/06/2022","17.1911","17.1510","17.3170","16.8005","","0.37%"
"08/06/2022","17.1276","16.7608","17.2199","16.7139","","2.33%"
"07/06/2022","16.7383","16.5806","16.7948","16.4975","","1.04%"
"06/06/2022","16.5664","16.4464","16.6652","16.3469","","0.94%"
"03/06/2022","16.4126","16.4450","16.5908","16.3337","","-0.24%"
"02/06/2022","16.4521","16.3952","16.5629","16.3186","","0.44%"
"01/06/2022","16.3806","16.4054","16.5120","16.2972","","0.04%"
"31/05/2022","16.3748","16.3844","16.4840","16.2660","","-0.03%"
"30/05/2022","16.3796","16.2179","16.4670","16.1632","","1.23%"
"27/05/2022","16.1807","16.3596","16.4687","16.1734","","-0.99%"
"26/05/2022","16.3417","16.3602","16.5295","16.1980","","0.02%"
"25/05/2022","16.3383","16.0932","16.4100","16.0165","","1.53%"
"24/05/2022","16.0914","15.9313","16.1864","15.8672","","1.03%"
"23/05/2022","15.9266","15.9084","16.0525","15.6410","","0.20%"
"20/05/2022","15.8951","15.8822","16.0490","15.8160","","0.37%"
"19/05/2022","15.8363","15.9470","15.9875","15.8045","","-0.57%"
"18/05/2022","15.9272","15.9002","16.0290","15.7232","","0.20%"
"17/05/2022","15.8951","15.5493","15.9469","15.4920","","2.29%"
"16/05/2022","15.5393","15.4793","15.6643","15.3958","","0.40%"
"13/05/2022","15.4769","15.3810","15.5602","15.2765","","0.74%"
"12/05/2022","15.3626","15.3133","15.4584","15.1902","","0.43%"
"11/05/2022","15.2970","15.2583","15.4620","15.1531","","0.32%"
"10/05/2022","15.2487","15.0887","15.3214","15.0332","","1.09%"
"09/05/2022","15.0842","14.9380","15.1432","14.8624","","0.92%"
"06/05/2022","14.9468","14.8636","14.9868","14.7925","","0.65%"
"05/05/2022","14.8496","14.7370","14.9200","14.6821","","0.82%"
"04/05/2022","14.7282","14.8153","14.8480","14.7123","","-0.46%"
"03/05/2022","14.7964","14.8830","14.9113","14.8037","","-0.46%"
"02/05/2022","14.8651","14.8462","14.9167","14.8346","","0.16%"
"29/04/2022","14.8416","14.7877","14.8958","14.6758","","0.36%"
"28/04/2022","14.7888","14.8095","14.8875","14.6840","","-0.05%"
"27/04/2022","14.7956","14.7997","14.8811","14.7409","","-0.01%"
"26/04/2022","14.7970","14.7764","14.8640","14.7017","","0.18%"
"25/04/2022","14.7702","14.7400","14.8405","14.6722","","0.25%"
"22/04/2022","14.7339","14.7077","14.7926","14.6439","","0.22%"
"21/04/2022","14.7011","14.6754","14.7700","14.5863","","0.21%"
"20/04/2022","14.6709","14.6549","14.7338","14.5748","","0.21%"
"19/04/2022","14.6408","14.6416","14.7280","14.5684","","0.04%"
"18/04/2022","14.6347","14.6327","14.7216","14.5311","","0.05%"
"15/04/2022","14.6280","14.6128","14.7110","14.5245","","0.22%"
"14/04/2022","14.5959","14.5956","14.6781","14.5278","","0.03%"
"13/04/2022","14.5908","14.6008","14.7408","14.4805","","-0.05%"
"12/04/2022","14.5979","14.6635","14.7433","14.5519","","-0.43%"
"11/04/2022","14.6613","14.7420","14.8048","14.6288","","-0.56%"
"08/04/2022","14.7441","14.7377","14.8159","14.6540","","0.08%"
"07/04/2022","14.7327","14.7096","14.8154","14.6483","","0.20%"
"06/04/2022","14.7029","14.7198","14.8035","14.6515","","-0.09%"
"05/04/2022","14.7162","14.6871","14.7792","14.6200","","0.26%"
"04/04/2022","14.6782","14.6861","14.7753","14.6260","","-0.03%"
"01/04/2022","14.6825","14.6735","14.7686","14.5618","","0.09%"
"31/03/2022","14.6700","14.6553","14.7345","14.5755","","0.13%"
"30/03/2022","14.6503","14.5844","14.7425","14.5298","","0.58%"
"29/03/2022","14.5665","14.8184","14.9290","14.5562","","-1.61%"
"28/03/2022","14.8046","14.8352","14.9073","14.7586","","-0.16%"
"25/03/2022","14.8286","14.8241","14.9088","14.7190","","0.12%"
"24/03/2022","14.8105","14.8373","14.9250","14.7532","","-0.11%"
"23/03/2022","14.8274","14.8252","14.9067","14.7262","","0.09%"
"22/03/2022","14.8147","14.8249","14.9045","14.7440","","-0.01%"
"21/03/2022","14.8157","14.8117","14.9130","14.7433","","0.17%"
"18/03/2022","14.7899","14.7001","14.8865","14.5535","","0.61%"
"17/03/2022","14.6998","14.6308","14.8300","14.5015","","0.63%"
"16/03/2022","14.6077","14.6982","14.8340","14.5655","","-0.63%"
"15/03/2022","14.7002","14.7810","14.9157","14.4973","","-0.51%"
"14/03/2022","14.7754","14.7597","14.9675","14.6953","","0.11%"
"11/03/2022","14.7595","14.8418","15.0425","14.6613","","-0.36%"
"10/03/2022","14.8131","14.6505","14.9281","14.5609","","1.20%"
"09/03/2022","14.6378","14.4940","14.7076","14.4394","","1.12%"
"08/03/2022","14.4762","14.3767","14.6035","14.3185","","0.76%"
"07/03/2022","14.3666","14.1515","14.4385","14.0854","","1.28%"
"04/03/2022","14.1845","14.1189","14.4431","14.0305","","0.63%"
"03/03/2022","14.0950","14.0178","14.2375","13.9476","","0.62%"
"02/03/2022","14.0084","13.9176","14.2035","13.8327","","0.66%"
"01/03/2022","13.9160","13.8295","14.0325","13.7020","","0.52%"
"28/02/2022","13.8443","13.8237","14.1590","13.6515","","0.18%"
"25/02/2022","13.8196","14.0343","14.1635","13.7359","","-1.31%"
"24/02/2022","14.0034","13.8225","14.7314","13.7672","","1.41%"
"23/02/2022","13.8081","13.7891","13.8840","13.6535","","0.18%"
"22/02/2022","13.7828","13.6980","13.9375","13.6119","","0.74%"
"21/02/2022","13.6809","13.6729","13.7183","13.5491","","0.28%"
"18/02/2022","13.6426","13.5759","13.6956","13.5005","","0.51%"
"17/02/2022","13.5736","13.5996","13.6760","13.5330","","-0.17%"
"16/02/2022","13.5973","13.6071","13.6910","13.5327","","0.03%"
"15/02/2022","13.5939","13.5990","13.7419","13.5149","","0.07%"
"14/02/2022","13.5848","13.5212","13.6835","13.3962","","0.50%"
"11/02/2022","13.5177","13.4979","13.6185","13.3973","","0.37%"
"10/02/2022","13.4683","13.5400","13.6867","13.4310","","-0.42%"
"09/02/2022","13.5245","13.5639","13.6941","13.4590","","-0.24%"
"08/02/2022","13.5565","13.5970","13.7459","13.4707","","-0.11%"
"07/02/2022","13.5718","13.5679","13.6985","13.4429","","0.09%"
"04/02/2022","13.5596","13.5618","13.6115","13.4976","","0.03%"
"03/02/2022","13.5549","13.4616","13.7474","13.3733","","0.76%"
"02/02/2022","13.4525","13.3786","13.6895","13.2438","","0.62%"
"01/02/2022","13.3696","13.3221","13.6005","13.1972","","0.47%"
"31/01/2022","13.3074","13.5365","13.6906","13.2147","","-1.80%"
"28/01/2022","13.5507","13.6501","13.7610","13.4400","","-0.71%"
"27/01/2022","13.6470","13.5794","13.8010","13.4368","","0.67%"
"26/01/2022","13.5561","13.4816","13.7030","13.3523","","0.59%"
"25/01/2022","13.4769","13.4641","13.6632","13.2772","","0.23%"
"24/01/2022","13.4455","13.4555","13.6634","13.2355","","0.10%"
"21/01/2022","13.4317","13.3551","13.6152","13.1925","","0.59%"
"20/01/2022","13.3530","13.4103","13.5656","13.2608","","-0.16%"
"19/01/2022","13.3746","13.5369","13.7692","13.3275","","-1.15%"
"18/01/2022","13.5303","13.4434","13.7407","13.2917","","0.80%"
"17/01/2022","13.4231","13.5263","13.8041","13.2360","","-0.73%"
"14/01/2022","13.5214","13.5906","13.6668","13.4514","","-0.29%"
"13/01/2022","13.5602","13.2185","13.8072","13.1560","","2.88%"
"12/01/2022","13.1811","13.8043","13.9378","13.1475","","-4.47%"
"11/01/2022","13.7972","13.8140","13.9637","13.5385","","-0.07%"
"10/01/2022","13.8074","13.8645","14.0410","13.5240","","-0.46%"
"07/01/2022","13.8710","13.8608","14.0133","13.5630","","0.36%"
"06/01/2022","13.8211","13.6807","13.9521","13.3478","","1.27%"
"05/01/2022","13.6471","13.4116","13.7644","13.1607","","2.36%"
"04/01/2022","13.3328","13.1420","13.6875","12.8715","","1.64%"
"03/01/2022","13.1178","13.4533","14.0505","12.6503","","-1.49%"
"31/12/2021","13.3161","13.1514","13.6993","12.9045","","2.84%"
"30/12/2021","12.9481","12.6357","13.5264","12.3795","","2.47%"
"29/12/2021","12.6359","11.8050","12.7776","11.7685","","7.10%"
"28/12/2021","11.7978","11.6822","12.0285","11.5031","","1.01%"
"27/12/2021","11.6801","10.7512","11.8655","10.6654","","9.69%"
"24/12/2021","10.6480","11.3913","12.3187","10.3632","","-3.95%"
"23/12/2021","11.0862","11.9946","12.3665","10.1565","","-7.48%"
"22/12/2021","11.9825","12.4331","12.8375","11.9650","","-3.62%"
"21/12/2021","12.4331","13.3820","14.1888","11.5936","","-7.94%"
"20/12/2021","13.5050","16.4848","18.3674","13.5055","","-17.72%"
"17/12/2021","16.4135","15.6708","17.1630","15.6244","","4.76%"
"16/12/2021","15.6674","14.7984","15.7790","14.7820","","5.95%"
"15/12/2021","14.7875","14.3906","14.8770","14.3588","","2.79%"
"14/12/2021","14.3856","13.8139","14.4606","13.7861","","4.28%"
"13/12/2021","13.7953","13.8725","14.6605","13.6450","","-0.59%"
"10/12/2021","13.8774","13.7853","13.9743","13.7202","","0.69%"
"09/12/2021","13.7817","13.6765","13.8602","13.6103","","0.80%"
"08/12/2021","13.6720","13.4935","13.8445","13.4672","","1.33%"
"07/12/2021","13.4925","13.8000","13.8555","13.4175","","-2.13%"
"06/12/2021","13.7866","13.6941","13.9335","13.6235","","0.63%"
"03/12/2021","13.7000","13.6834","13.9745","13.3215","","0.63%"
"02/12/2021","13.6145","13.2656","13.8522","13.2294","","2.65%"
"01/12/2021","13.2635","13.4856","13.8983","12.3977","","-1.56%"
"30/11/2021","13.4732","12.8264","13.7466","12.7063","","5.24%"
"29/11/2021","12.8025","12.4014","12.9380","12.3266","","3.06%"
"26/11/2021","12.4229","11.9886","12.7053","11.8965","","4.37%"
"25/11/2021","11.9029","12.0876","12.2650","11.8044","","-1.51%"
"24/11/2021","12.0855","12.8215","13.1945","11.5410","","-5.72%"
"23/11/2021","12.8192","11.3827","13.5277","11.3306","","12.66%"
"22/11/2021","11.3790","11.2305","11.4909","10.9373","","1.32%"
"19/11/2021","11.2310","11.0666","11.3482","10.8070","","2.16%"
"18/11/2021","10.9935","10.6282","11.3225","10.4340","","3.61%"
"17/11/2021","10.6103","10.3441","10.6950","10.3002","","2.62%"
"16/11/2021","10.3395","10.0606","10.4223","10.0428","","2.88%"
"15/11/2021","10.0505","9.9885","10.0862","9.9364","","0.76%"
"12/11/2021","9.9751","9.9046","10.0280","9.8653","","0.86%"
"11/11/2021","9.8899","9.8470","9.9804","9.8259","","0.53%"
"10/11/2021","9.8379","9.7330","9.8835","9.7165","","1.16%"
"09/11/2021","9.7252","9.6853","9.7439","9.6513","","0.48%"
"08/11/2021","9.6791","9.6955","9.7526","9.6510","","0.05%"
"05/11/2021","9.6741","9.6895","9.7543","9.6612","","-0.18%"
"04/11/2021","9.6917","9.6448","9.7749","9.6237","","0.65%"
"03/11/2021","9.6290","9.6034","9.7756","9.5774","","0.36%"
"02/11/2021","9.5944","9.5392","9.6171","9.4570","","0.65%"
"01/11/2021","9.5325","9.6070","9.6204","9.4793","","-0.73%"
"29/10/2021","9.6030","9.5435","9.6367","9.5003","","0.81%"
"28/10/2021","9.5262","9.4960","9.6377","9.4653","","0.50%"
"27/10/2021","9.4789","9.5438","9.5579","9.4485","","-0.57%"
"26/10/2021","9.5335","9.5884","9.6318","9.3990","","-0.50%"
"25/10/2021","9.5811","9.6049","9.8595","9.5297","","0.06%"
"22/10/2021","9.5757","9.5189","9.6651","9.4760","","0.74%"
"21/10/2021","9.5050","9.2164","9.5532","9.1962","","3.21%"
"20/10/2021","9.2098","9.3016","9.3619","9.1956","","-0.88%"
"19/10/2021","9.2918","9.3344","9.3823","9.2400","","-0.35%"
"18/10/2021","9.3248","9.2608","9.3667","9.2342","","0.79%"
"15/10/2021","9.2517","9.1877","9.2836","9.1663","","0.84%"
"14/10/2021","9.1750","9.0675","9.2083","9.0564","","1.04%"
"13/10/2021","9.0806","9.0428","9.1149","9.0012","","0.52%"
"12/10/2021","9.0340","8.9997","9.0543","8.9780","","0.50%"
"11/10/2021","8.9890","8.9822","9.0209","8.9085","","0.31%"
"08/10/2021","8.9614","8.8773","8.9900","8.8498","","1.03%"
"07/10/2021","8.8697","8.8775","8.9110","8.8373","","0.00%"
"06/10/2021","8.8695","8.8740","8.9447","8.8571","","0.01%"
"05/10/2021","8.8688","8.8578","8.9002","8.8373","","0.19%"
"04/10/2021","8.8521","8.8615","8.8871","8.8230","","-0.04%"
"01/10/2021","8.8552","8.8909","8.9072","8.8133","","-0.35%"
"30/09/2021","8.8862","8.9239","8.9447","8.8505","","-0.28%"
"29/09/2021","8.9111","8.8767","8.9607","8.8250","","0.51%"
"28/09/2021","8.8657","8.8224","8.8979","8.8113","","0.58%"
"27/09/2021","8.8146","8.8833","8.9027","8.8063","","-0.72%"
"24/09/2021","8.8786","8.7680","8.9010","8.7472","","1.33%"
"23/09/2021","8.7622","8.6572","8.8099","8.6168","","1.38%"
"22/09/2021","8.6431","8.6275","8.6741","8.5918","","0.27%"
"21/09/2021","8.6200","8.6715","8.6840","8.5778","","-0.47%"
"20/09/2021","8.6604","8.6461","8.7311","8.6313","","0.37%"
"17/09/2021","8.6283","8.5306","8.6644","8.4930","","1.22%"
"16/09/2021","8.5241","8.4355","8.5497","8.4154","","1.16%"
"15/09/2021","8.4263","8.4417","8.4681","8.4073","","-0.02%"
"14/09/2021","8.4276","8.4277","8.4759","8.4003","","0.10%"
"13/09/2021","8.4195","8.4694","8.4843","8.4105","","-0.42%"
"10/09/2021","8.4553","8.4366","8.4829","8.3793","","0.29%"
"09/09/2021","8.4305","8.4734","8.5257","8.4239","","-0.35%"
"08/09/2021","8.4597","8.3532","8.4906","8.3325","","1.38%"
"07/09/2021","8.3447","8.2818","8.3572","8.2600","","0.82%"
"06/09/2021","8.2771","8.3236","8.3382","8.2600","","-0.33%"
"03/09/2021","8.3049","8.2782","8.3519","8.2553","","0.39%"
"02/09/2021","8.2729","8.2967","8.3149","8.2556","","-0.22%"
"01/09/2021","8.2910","8.3164","8.3374","8.2675","","-0.16%"
"31/08/2021","8.3045","8.3807","8.3949","8.2845","","-0.84%"
"30/08/2021","8.3749","8.3546","8.3969","8.3221","","0.38%"
"27/08/2021","8.3434","8.3925","8.4169","8.3316","","-0.51%"
"26/08/2021","8.3865","8.3788","8.4127","8.3335","","0.22%"
"25/08/2021","8.3682","8.4105","8.4323","8.3558","","-0.33%"
"24/08/2021","8.3959","8.4277","8.4547","8.3837","","-0.27%"
"23/08/2021","8.4187","8.4939","8.5108","8.4154","","-0.78%"
"20/08/2021","8.4852","8.5036","8.5814","8.2712","","-0.10%"
"19/08/2021","8.4939","8.4560","8.5629","8.3823","","0.54%"
"18/08/2021","8.4485","8.4330","8.5069","8.3999","","0.24%"
"17/08/2021","8.4284","8.4614","8.4960","8.3728","","-0.29%"
"16/08/2021","8.4530","8.5242","8.5383","8.4283","","-0.75%"
"13/08/2021","8.5171","8.5466","8.5874","8.4925","","-0.38%"
"12/08/2021","8.5497","8.6311","8.6423","8.5025","","-0.87%"
"11/08/2021","8.6246","8.5992","8.6885","8.5389","","0.31%"
"10/08/2021","8.5980","8.6447","8.6794","8.5612","","-0.53%"
"09/08/2021","8.6439","8.6215","8.6775","8.6014","","0.32%"
"06/08/2021","8.6160","8.5270","8.6490","8.5080","","1.08%"
"05/08/2021","8.5240","8.4784","8.5802","8.4635","","0.61%"
"04/08/2021","8.4727","8.4084","8.4986","8.3719","","0.84%"
"03/08/2021","8.4022","8.3542","8.4543","8.2840","","0.70%"
"02/08/2021","8.3440","8.4539","8.4851","8.3228","","-1.06%"
"30/07/2021","8.4333","8.4594","8.4962","8.3824","","-0.05%"
"29/07/2021","8.4375","8.5553","8.5700","8.4285","","-1.30%"
"28/07/2021","8.5488","8.5653","8.5873","8.5325","","-0.10%"
"27/07/2021","8.5577","8.5585","8.5900","8.5360","","0.04%"
"26/07/2021","8.5539","8.5584","8.6302","8.5310","","0.08%"
"23/07/2021","8.5471","8.5643","8.5749","8.5087","","-0.08%"
"22/07/2021","8.5536","8.5380","8.5871","8.5153","","-0.05%"
"21/07/2021","8.5577","8.5683","8.6107","8.5222","","-0.06%"
"20/07/2021","8.5629","8.5877","8.6094","8.5063","","-0.09%"
"19/07/2021","8.5702","8.5255","8.6186","8.4882","","0.66%"
"16/07/2021","8.5144","8.5697","8.5906","8.4757","","-0.54%"
"15/07/2021","8.5610","8.5918","8.6008","8.5391","","-0.25%"
"14/07/2021","8.5828","8.6254","8.6540","8.5689","","-0.39%"
"13/07/2021","8.6162","8.6410","8.6573","8.5725","","-0.21%"
"12/07/2021","8.6344","8.6661","8.6809","8.6154","","-0.14%"
"09/07/2021","8.6461","8.6893","8.7143","8.6250","","-0.50%"
"08/07/2021","8.6897","8.6902","8.7409","8.6653","","0.07%"
"07/07/2021","8.6837","8.6918","8.7222","8.6428","","-0.04%"
"06/07/2021","8.6869","8.6724","8.7112","8.6220","","0.27%"
"05/07/2021","8.6631","8.6900","8.7158","8.6459","","-0.19%"
"02/07/2021","8.6792","8.6634","8.7262","8.6433","","0.33%"
"01/07/2021","8.6508","8.7088","8.7325","8.6350","","-0.61%"
"30/06/2021","8.7037","8.7381","8.7498","8.6355","","-0.30%"
"29/06/2021","8.7299","8.6825","8.7578","8.6425","","0.54%"
"28/06/2021","8.6832","8.7670","8.7739","8.6733","","-0.76%"
"25/06/2021","8.7493","8.6960","8.8061","8.6413","","0.57%"
"24/06/2021","8.7000","8.6428","8.7220","8.6243","","0.78%"
"23/06/2021","8.6323","8.6531","8.6849","8.5853","","-0.14%"
"22/06/2021","8.6444","8.7698","8.8013","8.6315","","-1.36%"
"21/06/2021","8.7633","8.7376","8.8057","8.7102","","0.43%"
"18/06/2021","8.7257","8.7200","8.7610","8.6372","","0.19%"
"17/06/2021","8.7092","8.6073","8.7375","8.5900","","1.25%"
"16/06/2021","8.6021","8.5574","8.6368","8.4870","","0.64%"
"15/06/2021","8.5476","8.4691","8.5988","8.4355","","1.05%"
"14/06/2021","8.4587","8.3881","8.4868","8.2915","","0.92%"
"11/06/2021","8.3818","8.4267","8.4504","8.2648","","-0.48%"
"10/06/2021","8.4219","8.5882","8.6032","8.4089","","-1.83%"
"09/06/2021","8.5787","8.6051","8.6267","8.5588","","-0.22%"
"08/06/2021","8.5979","8.6128","8.6383","8.5648","","0.27%"
"07/06/2021","8.5745","8.6688","8.6937","8.5800","","-0.94%"
"04/06/2021","8.6563","8.7024","8.7591","8.6229","","-0.39%"
"03/06/2021","8.6905","8.5927","8.7288","8.5772","","1.26%"
"02/06/2021","8.5826","8.5369","8.7855","8.5262","","0.62%"
"01/06/2021","8.5301","8.4894","8.5507","8.4638","","0.58%"
"31/05/2021","8.4808","8.5604","8.5902","8.4558","","-0.79%"
"28/05/2021","8.5484","8.5021","8.6238","8.4525","","0.61%"
"27/05/2021","8.4967","8.4562","8.5488","8.4160","","0.55%"
"26/05/2021","8.4501","8.4582","8.4797","8.4044","","0.00%"
"25/05/2021","8.4501","8.3883","8.4948","8.3663","","0.85%"
"24/05/2021","8.3786","8.4170","8.4379","8.3604","","-0.33%"
"21/05/2021","8.4066","8.3801","8.4258","8.3283","","0.44%"
"20/05/2021","8.3700","8.4137","8.4247","8.3270","","-0.40%"
"19/05/2021","8.4033","8.3559","8.4432","8.3442","","0.72%"
"18/05/2021","8.3436","8.3135","8.3790","8.2898","","0.42%"
"17/05/2021","8.3087","8.4680","8.4718","8.2969","","-1.57%"
"14/05/2021","8.4413","8.5026","8.5140","8.3795","","-0.65%"
"13/05/2021","8.4964","8.4323","8.5152","8.4093","","0.94%"
"12/05/2021","8.4170","8.2883","8.4579","8.2700","","1.64%"
"11/05/2021","8.2811","8.2787","8.3325","8.2625","","0.18%"
"10/05/2021","8.2665","8.2429","8.2913","8.2140","","0.40%"
"07/05/2021","8.2336","8.2824","8.3139","8.2080","","-0.41%"
"06/05/2021","8.2679","8.3282","8.3608","8.2653","","-0.54%"
"05/05/2021","8.3125","8.3288","8.3823","8.2994","","-0.09%"
"04/05/2021","8.3203","8.2460","8.3558","8.2374","","0.90%"
"03/05/2021","8.2461","8.2891","8.3425","8.2338","","-0.33%"
"30/04/2021","8.2735","8.2185","8.3298","8.1785","","0.77%"
"29/04/2021","8.2105","8.2007","8.2838","8.1213","","0.20%"
"28/04/2021","8.1945","8.2172","8.2554","8.1480","","-0.04%"
"27/04/2021","8.1977","8.2827","8.3113","8.1688","","-0.90%"
"26/04/2021","8.2724","8.3934","8.4942","8.2668","","-1.24%"
"23/04/2021","8.3762","8.3243","8.4256","8.2886","","0.86%"
"22/04/2021","8.3049","8.1890","8.3717","8.1755","","1.54%"
"21/04/2021","8.1786","8.1165","8.2168","8.1007","","0.91%"
"20/04/2021","8.1052","8.0956","8.1381","8.0677","","0.23%"
"19/04/2021","8.0863","8.0747","8.1171","8.0235","","0.37%"
"16/04/2021","8.0567","8.0205","8.1204","8.0082","","0.64%"
"15/04/2021","8.0053","8.0789","8.1661","8.0007","","-0.78%"
"14/04/2021","8.0682","8.1202","8.1415","8.0207","","-0.57%"
"13/04/2021","8.1146","8.1575","8.1878","8.1032","","-0.34%"
"12/04/2021","8.1421","8.1655","8.2371","8.1015","","-0.14%"
"09/04/2021","8.1534","8.1413","8.2065","8.1150","","0.31%"
"08/04/2021","8.1281","8.1616","8.1975","8.1206","","-0.04%"
"07/04/2021","8.1310","8.1417","8.2240","8.1269","","0.05%"
"06/04/2021","8.1266","8.1112","8.1872","8.0804","","0.35%"
"05/04/2021","8.0981","8.1695","8.2560","8.0830","","-0.78%"
"02/04/2021","8.1619","8.1227","8.1968","7.9745","","0.72%"
"01/04/2021","8.1036","8.2487","8.3002","8.0943","","-1.70%"
"31/03/2021","8.2439","8.3388","8.4054","8.2166","","-1.05%"
"30/03/2021","8.3312","8.2085","8.4677","8.1910","","1.71%"
"29/03/2021","8.1910","8.1192","8.2245","8.0048","","0.69%"
"26/03/2021","8.1350","7.9488","8.1615","7.9130","","2.44%"
"25/03/2021","7.9412","7.9345","8.0144","7.8833","","0.28%"
"24/03/2021","7.9187","7.9400","8.0634","7.8230","","-0.26%"
"23/03/2021","7.9392","7.8026","7.9756","7.6807","","1.83%"
"22/03/2021","7.7963","7.2185","8.1795","7.2180","","8.07%"
"19/03/2021","7.2140","7.3250","7.3694","7.1910","","-1.44%"
"18/03/2021","7.3193","7.5037","7.5680","7.2874","","-2.43%"
"17/03/2021","7.5017","7.4950","7.6412","7.4790","","0.15%"
"16/03/2021","7.4907","7.5378","7.5547","7.4645","","-0.54%"
"15/03/2021","7.5316","7.5635","7.6212","7.4955","","-0.36%"
"12/03/2021","7.5586","7.4805","7.6231","7.4691","","1.31%"
"11/03/2021","7.4612","7.5010","7.5601","7.4270","","-0.48%"
"10/03/2021","7.4974","7.6170","7.6707","7.4912","","-1.50%"
"09/03/2021","7.6116","7.7565","7.7861","7.5862","","-2.04%"
"08/03/2021","7.7698","7.5380","7.7857","7.5095","","3.12%"
"05/03/2021","7.5348","7.5079","7.5856","7.4668","","0.48%"
"04/03/2021","7.4989","7.4618","7.5833","7.4011","","0.57%"
"03/03/2021","7.4565","7.3522","7.5009","7.2905","","1.49%"
"02/03/2021","7.3472","7.2886","7.4231","7.2741","","0.97%"
"01/03/2021","7.2769","7.4269","7.4296","7.2181","","-1.96%"
"26/02/2021","7.4226","7.3418","7.4925","7.2979","","1.20%"
"25/02/2021","7.3345","7.1684","7.4460","7.1538","","2.37%"
"24/02/2021","7.1648","7.1068","7.2528","7.0721","","0.88%"
"23/02/2021","7.1020","7.0201","7.1178","7.0018","","1.25%"
"22/02/2021","7.0144","6.9637","7.0925","6.9576","","0.80%"
"19/02/2021","6.9587","6.9719","7.0086","6.9460","","0.01%"